139850,snp,T,A,A:20 T:0
1673432,snp,T,A,A:20 T:0
1852176,del,CT,C,C:19 CT:0
1927734,snp,A,G,G:20 A:0,repeat_region,+,842/1365,281/454,missense_variant c.842T>C p.Leu281Pro
2062735,snp,T,C,C:20 T:0
2289252,snp,T,C,C:20 T:0
2715342,snp,C,T,T:20 C:0
2715344,snp,G,A,A:20 G:0
2715346,snp,G,A,A:20 G:0
2715369,snp,C,A,A:20 C:0
2726145,snp,G,A,A:20 G:0
2968452,snp,G,A,A:20 G:0
3302980,snp,T,C,C:20 T:0
3557244,snp,C,G,G:20 C:0
3597879,snp,T,C,C:20 T:0
3754508,snp,G,C,C:13 G:0,mobile_element,-,526/741,176/246,missense_variant c.526C>G p.Leu176Val,Rv3349c
3895727,snp,C,A,A:21 C:0
4087495,snp,A,G,G:20 A:0
4216783,snp,A,C,C:20 A:0
4243190,snp,G,C,C:20 G:0
4243217,snp,C,A,A:20 C:0
4243217,snp,C,G,G:20 C:0
4243217,snp,C,T,T:20 C:0
4243225,snp,C,T,T:20 C:0
4327480,snp,A,G,G:20 A:0
767670,snp,T,C,C:20 T:0
888647,snp,C,T,T:12 C:0
p.Ala128fs,Rv3434c,
p.Ala164Thr,Rv1108c,xseA
p.Ala31Thr,Rv1270c,lprA
p.Ala390Val,Rv1850,ureC
p.Ala428Thr,Rv0339c,
p.Ala54Val,Rv1767,
p.Ala5Val,Rv2670c,
p.Ala90Val,Rv0006,gyrA
p.Arg231Cys,Rv1859,modC
p.Arg60Cys,Rv2841c,nusA
p.Arg85Gln,Rv1035c,
p.Asn105Asp,Rv2063A,mazF7
p.Asn698Ser,Rv0668,rpoC
p.Asp106Tyr,Rv3437,
p.Asp328Tyr,Rv3795,embB
p.Asp354Ala,Rv3795,embB
p.Asp435Gly,Rv0667,rpoB
p.Asp435Tyr,Rv0667,rpoB
p.Asp435Val,Rv0667,rpoB
p.Asp62Ala,Rv0095c,
p.Asp65Gly,Rv0593,lprL
p.Asp87Ala,Rv2588c,yajC
p.AspSer94AlaThr,Rv0006,gyrA
p.AspSer94TyrThr,Rv0006,gyrA
p.Gln497Arg,Rv3795,embB
p.Gln497Lys,Rv3795,embB
p.Glu103Gly,Rv1447c,zwf2
p.Glu228Ala,Rv1166,lpqW
p.Glu234Lys,Rv1392,metK
p.Glu243Ala,Rv0469,umaA
p.Glu331Gly,Rv3198c,uvrD2
p.Glu346*,Rv1279,
p.Gly106Asp,Rv1319c,
p.Gly111Ser,Rv3274c,fadE25
p.Gly196Asp,Rv2252,
p.Gly406Ala,Rv3795,embB
p.Gly406Asp,Rv3795,embB
p.Gly406Ser,Rv3795,embB
p.Gly775Ser,Rv3401,
p.Gly78fs,Rv2333c,stp
p.His1002Arg,Rv3795,embB
p.His445Asp,Rv0667,rpoB
p.His445Leu,Rv0667,rpoB
p.His445Tyr,Rv0667,rpoB
p.Ile194Thr,Rv1484,inhA
p.Ile288Val,Rv3543c,fadE29
p.Ile6Leu,Rv2043c,pncA
p.Leu166Pro,Rv1927,
p.Leu43Pro,Rv1132,
p.Leu44Arg,Rv2665,
p.Leu527Val,Rv0668,rpoC
p.Lys374fs,Rv0272c,
p.Met11Thr,Rv1031,kdpC
p.Met306Ile,Rv3795,embB
p.Met306Leu,Rv3795,embB
p.Met306Val,Rv3795,embB
p.Phe868Val,Rv1662,pks8
p.Pro355fs,Rv2888c,amiC
p.Pro38Leu,Rv3365c,
p.Pro81Leu,Rv0996,
p.Ser14Cys,Rv1946c,lppG
p.Ser315Asn,Rv1908c,katG
p.Ser49Ala,Rv1967,mce3B
p.Ser66*,Rv0698,
p.Ser917Pro,Rv2048c,pks12
p.Ser91Pro,Rv0006,gyrA
p.Ser94Ala,Rv1484,inhA
p.Thr42Met,Rv0039c,
p.Thr848fs,Rv1028c,kdpD
p.Trp325*,Rv3728,
p.Trp366*,Rv2800,
p.Trp370Gly,Rv1877,
p.Val131fs,Rv2043c,pncA
p.Val169Ala,Rv0752c,fadE9
p.Val216Gly,Rv1122,gnd2
p.Val47del,Rv1972,
p.Val483Ala,Rv0668,rpoC
p.Val483Gly,Rv0668,rpoC
