p.Ser450Leu,Rv0667,rpoB
p.Met306Val,Rv3795,embB
p.Asp435Val,Rv0667,rpoB
p.His445Tyr,Rv0667,rpoB
p.His445Asp,Rv0667,rpoB
p.Asp435Tyr,Rv0667,rpoB
p.Leu452Pro,Rv0667,rpoB
p.Ser450Trp,Rv0667,rpoB
p.Gln497Arg,Rv3795,embB
p.His445Leu,Rv0667,rpoB
p.Asp354Ala,Rv3795,embB
2289252,snp,T,C,C:20 T:0
p.Leu430Pro,Rv0667,rpoB
p.His445Arg,Rv0667,rpoB
p.Lys374fs,Rv0272c,
2715344,snp,G,A,A:20 G:0
p.Ser315Asn,Rv1908c,katG
p.Asp435Phe,Rv0667,rpoB
3754508,snp,G,C,C:13 G:0,mobile_element,-,526/741,176/246,missense_variant c.526C>G p.Leu176Val,Rv3349c
p.Gly406Ala,Rv3795,embB
p.Ile491Phe,Rv0667,rpoB
p.Val170Phe,Rv0667,rpoB
p.Phe433dup,Rv0667,rpoB
p.Ser441Leu,Rv0667,rpoB
3895727,snp,C,A,A:21 C:0
4216783,snp,A,C,C:20 A:0
4243221,snp,C,T,T:20 C:0
p.MetAsp434IleTyr,Rv0667,rpoB
2135870,snp,T,C,C:17 T:0
p.His445Asn,Rv0667,rpoB
p.Val483Ala,Rv0668,rpoC
2049772,ins,A,ACC,ACC:18 A:0
p.Ser450Phe,Rv0667,rpoB
p.Gly78fs,Rv2333c,stp
p.Pro355fs,Rv2888c,amiC
p.Val483Gly,Rv0668,rpoC
