p.Ser315Thr,Rv1908c,katG
p.Ser315Asn,Rv1908c,katG
p.Ser94Ala,Rv1484,inhA
p.Ile194Thr,Rv1484,inhA
p.Gln497Arg,Rv3795,embB
p.His445Tyr,Rv0667,rpoB
p.Ile21Thr,Rv1484,inhA
3754508,snp,G,C,C:13 G:0,mobile_element,-,526/741,176/246,missense_variant c.526C>G p.Leu176Val,Rv3349c
p.His445Asp,Rv0667,rpoB
p.Asp435Tyr,Rv0667,rpoB
p.Ser450Trp,Rv0667,rpoB
p.Ala336Asp,Rv2467,pepN
1673423,snp,G,T,T:20 G:0
1673432,snp,T,A,A:20 T:0
p.Gly406Ala,Rv3795,embB
2726121,snp,C,T,T:20 C:0
p.Val483Gly,Rv0668,rpoC
2715344,snp,G,A,A:20 G:0
4243217,snp,C,T,T:20 C:0
p.His445Leu,Rv0667,rpoB
2289252,snp,T,C,C:20 T:0
p.Ile491Val,Rv0668,rpoC
p.Trp191Gly,Rv1908c,katG
2726112,snp,C,T,T:20 C:0
2726142,snp,G,A,A:20 G:0
p.His1002Arg,Rv3795,embB
p.His445Arg,Rv0667,rpoB
4243217,snp,C,G,G:20 C:0
2726141,snp,C,A,A:20 C:0
p.Ala433Asp,Rv0777,purB
p.Ile21Val,Rv1484,inhA
p.Pro251Ala,Rv1484,inhA
p.Val170Phe,Rv0667,rpoB
p.Tyr98Cys,Rv1908c,katG
p.Pro355fs,Rv2888c,amiC
p.Asn138His,Rv1908c,katG
p.Gly124fs,Rv1908c,katG
p.Ser315Gly,Rv1908c,katG
2715369,snp,C,A,A:20 C:0
4327480,snp,A,G,G:20 A:0
p.Ile43Ser,Rv2447c,folC
p.Leu731Pro,Rv0667,rpoB
p.Pro255Arg,Rv1300,hemK
p.Trp191Arg,Rv1908c,katG
3067961,snp,G,A,A:20 G:0
p.Arg85Gln,Rv1035c
