1025337,snp,C,T,T:20 C:0,tRNA,-,,,non_coding_transcript_variant  ,,argT,tRNA-Arg
1026965,snp,T,G,G:12 T:0
1029386,ins,G,GCGC,GCGC:19 G:0
1029399,snp,A,G,G:20 A:0
104767,snp,C,T,T:11 C:0,repeat_region,-,,,intergenic_region n.104767C>T 
1058243,snp,G,A,A:20 G:0
1081765,snp,C,G,G:20 C:0
1093322,snp,C,T,T:17 C:0
1093331,snp,T,G,G:20 T:0
1109251,snp,C,A,A:20 C:0
1131569,snp,A,T,T:20 A:0
1148168,snp,T,C,C:20 T:0
1159161,del,GCCCA,G,G:20 GCCCA:0,mobile_element,-,146/390,48/129,frameshift_variant c.143_146delTGGG p.Val48fs
1163404,snp,C,G,G:20 C:0
11637,snp,C,T,T:20 C:0
1176317,snp,A,G,G:20 A:0
117701,snp,G,T,T:20 G:0
1203183,snp,T,G,G:20 T:0
1205269,snp,C,T,T:20 C:0
1219227,snp,A,C,C:20 A:0
1264980,del,TCGC,T,T:18 TCGC:0
1265022,snp,C,T,T:20 C:0
1273351,snp,C,T,T:20 C:0
130551,complex,CTTCAAC,T,T:18 CTTCAAC:0
130881,snp,C,G,G:20 C:0
1342720,complex,T,CG,CG:15 T:0,mobile_element,-,,,intergenic_region n.1342720delTinsCG 
1357234,snp,C,T,T:20 C:0
1357249,ins,A,AC,AC:18 A:0
1357249,ins,A,AC,AC:19 A:0
1357688,snp,T,G,G:20 T:0
1359456,snp,T,G,G:20 T:0
13629,snp,A,G,G:20 A:0
1371697,snp,G,A,A:20 G:0
1413148,snp,C,T,T:19 C:0,ncRNA,-,,,non_coding_transcript_variant  ,,mcr11,Putative small regulatory RNA
1419912,snp,G,A,A:20 G:0
1425360,snp,T,G,G:20 T:0
1437160,snp,C,A,A:20 C:0
1443451,snp,A,C,C:20 A:0
1472337,snp,C,T,T:20 C:0,rRNA,+,,,non_coding_transcript_variant  ,,rrs,Ribosomal RNA 16S
1472359,snp,A,C,C:20 A:0,rRNA,+,,,non_coding_transcript_variant  ,,rrs,Ribosomal RNA 16S
1472362,snp,C,T,T:20 C:0,rRNA,+,,,non_coding_transcript_variant  ,,rrs,Ribosomal RNA 16S
1472751,snp,A,G,G:20 A:0,rRNA,+,,,non_coding_transcript_variant  ,,rrs,Ribosomal RNA 16S
1472920,ins,G,GT,GT:20 G:0,rRNA,+,,,non_coding_transcript_variant  ,,rrs,Ribosomal RNA 16S
1473246,snp,A,G,G:20 A:0,rRNA,+,,,non_coding_transcript_variant  ,,rrs,Ribosomal RNA 16S
1473247,snp,C,T,T:20 C:0,rRNA,+,,,non_coding_transcript_variant  ,,rrs,Ribosomal RNA 16S
1473329,snp,G,T,T:20 G:0,rRNA,+,,,non_coding_transcript_variant  ,,rrs,Ribosomal RNA 16S
148481,snp,C,A,A:20 C:0
1485794,snp,G,C,C:20 G:0
1488109,snp,A,C,C:20 A:0
1488110,snp,C,A,A:20 C:0
1505909,snp,G,C,C:20 G:0
1531076,snp,C,T,T:20 C:0
1571044,snp,C,G,G:20 C:0
1593415,snp,C,T,T:20 C:0
1612585,del,CGGTACCGGTCCGCCGGGGATT,C,C:13 CGGTACCGGTCCGCCGGGGATT:0,repeat_region,-,365/609,115/202,disruptive_inframe_deletion c.345_365delAATCCCCGGCGGACCGGTACC p.Ile116_Pro122del,Rv1435c
1622185,snp,C,G,G:20 C:0
1622752,snp,C,G,G:20 C:0
1634437,snp,G,T,T:10 G:0,repeat_region,-,191/3990,64/1329,missense_variant c.191C>A p.Ala64Glu
1634437,snp,G,T,T:12 G:0,repeat_region,-,191/3990,64/1329,missense_variant c.191C>A p.Ala64Glu
1634609,complex,CC,TT,TT:12 CC:0,repeat_region,-,19/3990,6/1329,missense_variant c.18_19delGGinsAA p.Ala7Thr
1634633,complex,ACCT,TCCA,TCCA:10 ACCT:0,repeat_region,-,,,intergenic_region n.1634633_1634636delACCTinsTCCA 
1637196,complex,GTCCCGCCAACCCCACCGG,ATACCGCCGT,ATACCGCCGT:10 GTCCCGCCAACCCCACCGG:0,repeat_region,-,1034/2226,339/741,missense_variant&disruptive_inframe_deletion c.1016_1034delCCGGTGGGGTTGGCGGGACinsACGGCGGTAT p.Ala339_Thr345delinsAspGlyGlyIle
1638235,complex,TCCA,ACCT,ACCT:20 TCCA:0,repeat_region,-,,,intergenic_region n.1638235_1638238delTCCAinsACCT 
1673423,snp,G,T,T:20 G:0
168694,snp,G,T,T:20 G:0
168695,snp,C,G,G:20 C:0
1695244,snp,G,C,C:20 G:0
1728460,snp,A,C,C:20 A:0
1742,snp,G,A,A:20 G:0
1757434,snp,G,A,A:20 G:0
1775155,snp,A,G,G:20 A:0
1782665,snp,G,A,A:20 G:0
1806121,snp,C,T,T:20 C:0
180907,snp,C,T,T:20 C:0
180977,snp,A,C,C:20 A:0
1814935,snp,A,C,C:20 A:0
1836366,snp,A,C,C:20 A:0
1842280,snp,C,T,T:20 C:0
1852176,del,CT,C,C:19 CT:0
1855572,ins,G,GA,GA:18 G:0
1858704,snp,G,C,C:20 G:0
1862335,snp,A,G,G:20 A:0
1906264,snp,A,G,G:20 A:0
1927869,complex,TTGGC,GTGGG,GTGGG:18 TTGGC:0,repeat_region,+,707/1365,235/454,missense_variant c.703_707delGCCAAinsCCCAC p.AlaAsn235ProThr
1934026,snp,C,A,A:20 C:0
1941724,snp,A,C,C:20 A:0
1951845,snp,A,G,G:20 A:0
1952291,snp,T,G,G:20 T:0,ncRNA,-,440/1386,147/461,missense_variant c.440T>G p.Val147Gly,,AS1726,Putative small regulatory RNA
1962008,snp,G,C,C:20 G:0
1965643,snp,A,T,T:20 A:0
1970848,snp,T,G,G:20 T:0
1970941,snp,G,C,C:20 G:0
1981025,snp,A,C,C:20 A:0
1999577,snp,G,A,A:20 G:0,mobile_element,-,,,intergenic_region n.1999577G>A 
2002483,snp,A,C,C:20 A:0
2007813,snp,A,G,G:20 A:0
2014574,snp,C,A,A:20 C:0
2014677,snp,T,G,G:20 T:0
2025291,snp,G,A,A:17 G:0
2025291,snp,G,A,A:18 G:0
2029774,snp,A,G,G:20 A:0
2030342,complex,GCAA,CAG,CAG:16 GCAA:0
2030342,complex,GCAA,CAG,CAG:17 GCAA:0
2038849,snp,G,A,A:20 G:0
2038913,snp,T,G,G:20 T:0
2049772,ins,A,ACC,ACC:19 A:0
2049772,ins,A,ACC,ACC:20 A:0
2061142,snp,G,A,A:20 G:0
2061164,del,AGCCGG,A,A:19 AGCCGG:0
2068969,snp,G,C,C:20 G:0
2074458,snp,G,A,A:10 G:0
2074458,snp,G,A,A:11 G:0
2074794,snp,A,G,G:20 A:0
2075569,snp,G,C,C:20 G:0
2104140,snp,A,G,G:20 A:0
2125054,snp,C,T,T:20 C:0
2138245,del,CTGGTAATCCATTG,C,C:16 CTGGTAATCCATTG:0
2138245,del,CTGGTAATCCATTG,C,C:17 CTGGTAATCCATTG:0
2138262,snp,G,A,A:20 G:0
2142121,snp,C,T,T:20 C:0
2142430,snp,C,T,T:20 C:0
2147658,snp,G,A,A:20 G:0
2156117,snp,T,C,C:20 T:0
2156618,snp,G,C,C:20 G:0
2158012,snp,C,A,A:20 C:0
2167362,snp,C,T,T:20 C:0
2167639,snp,T,G,G:20 T:0
2179632,snp,G,A,A:20 G:0
2198637,snp,C,T,T:20 C:0
2206817,snp,T,C,C:20 T:0
2207526,snp,A,G,G:20 A:0
2219283,snp,G,A,A:20 G:0
2230944,snp,C,A,A:20 C:0
2260339,snp,G,T,T:20 G:0
2270408,snp,A,C,C:20 A:0
2271770,snp,A,G,G:20 A:0
230789,del,TG,T,T:19 TG:0
2320754,ins,C,CA,CA:19 C:0
2381004,snp,C,T,T:20 C:0
2386210,snp,G,A,A:20 G:0
2388180,snp,A,C,C:20 A:0
2388206,snp,A,C,C:20 A:0
2430094,del,CAGCCGGTGACGACCCGGCTGGG,C,C:12 CAGCCGGTGACGACCCGGCTGGG:0
2431471,ins,A,AGACAGCCGGTGACGACCCGGCT,AGACAGCCGGTGACGACCCGGCT:10 A:0,repeat_region,-,,,intergenic_region n.2431471_2431472insGACAGCCGGTGACGACCCGGCT 
2432178,snp,G,T,T:20 G:0
2434719,snp,A,C,C:20 A:0
2434782,snp,A,G,G:20 A:0
2453383,snp,A,G,G:20 A:0
2467005,snp,T,G,G:20 T:0
2471383,snp,G,A,A:20 G:0
2522244,del,AGCGGT,A,A:19 AGCGGT:0
2529318,snp,C,A,A:20 C:0
2532176,snp,C,G,G:10 C:0,repeat_region,-,,,intergenic_region n.2532176C>G 
2569078,snp,A,C,C:20 A:0
2573793,snp,A,C,C:20 A:0
2575590,snp,T,C,C:20 T:0
2582761,snp,T,G,G:20 T:0
2583011,snp,T,G,G:20 T:0
2603687,snp,C,T,T:20 C:0
2610753,snp,C,T,T:20 C:0
2619515,snp,G,A,A:20 G:0
2630333,snp,T,G,G:20 T:0
2637373,snp,T,C,C:20 T:0
2637541,snp,C,T,T:13 C:0
2651992,snp,T,C,C:20 T:0
2651997,snp,T,G,G:20 T:0
2680051,snp,G,T,T:20 G:0
2684444,snp,A,C,C:20 A:0
2737114,snp,T,C,C:20 T:0
2740436,snp,T,G,G:20 T:0
2740693,complex,TCT,CCG,CCG:20 TCT:0
27499,snp,C,G,G:20 C:0
2751594,snp,T,C,C:20 T:0
27524,snp,C,A,A:20 C:0
2768184,snp,C,G,G:20 C:0
2794053,snp,G,T,T:20 G:0
279578,snp,A,T,T:20 A:0
2800715,snp,T,C,C:20 T:0,repeat_region,+,166/3414,56/1137,missense_variant c.166A>G p.Thr56Ala
2828032,snp,A,C,C:20 A:0
2835576,snp,G,A,A:20 G:0
2849472,del,TC,T,T:19 TC:0
2900702,snp,A,C,C:20 A:0
29210,del,GC,G,G:20 GC:0
293652,snp,G,A,A:20 G:0,ncRNA,+,,,non_coding_transcript_variant  ,,F6,Putative small regulatory RNA
2945838,snp,G,A,A:20 G:0
295716,del,GTCAAAATATA,G,G:18 GTCAAAATATA:0
295731,snp,T,C,C:18 T:0
295917,snp,C,T,T:20 C:0
2976558,snp,A,C,C:20 A:0
2999988,del,AC,A,A:19 AC:0
3011834,snp,C,T,T:20 C:0
3012818,snp,G,A,A:20 G:0
3015054,del,GC,G,G:19 GC:0
3019426,snp,G,C,C:20 G:0
3022426,snp,A,C,C:20 A:0
3023501,snp,T,G,G:20 T:0
3023506,snp,C,G,G:20 C:0
3025403,snp,G,A,A:20 G:0
302660,snp,T,C,C:20 T:0
3039805,del,GC,G,G:20 GC:0
3068024,snp,T,G,G:20 T:0
3068031,snp,T,G,G:20 T:0
3075485,snp,A,G,G:20 A:0
3092677,snp,A,G,G:20 A:0
309571,snp,T,G,G:20 T:0
3112455,snp,T,G,G:20 T:0
3113469,snp,A,G,G:20 A:0
3119408,snp,T,C,C:20 T:0,repeat_region,-,,,intergenic_region n.3119408T>C 
3135606,snp,A,G,G:21 A:0
3142261,snp,C,T,T:20 C:0
3184674,snp,A,C,C:20 A:0
3208439,complex,CGC,GGG,GGG:19 CGC:0
3208538,snp,G,A,A:20 G:0
3226332,snp,T,C,C:20 T:0
3232704,snp,A,C,C:20 A:0
3232759,snp,G,A,A:14 G:0
3239789,complex,CGGCAAAGCCGGC,GGAGGT,GGAGGT:11 CGGCAAAGCCGGC:0
3307542,snp,G,C,C:20 G:0
3336561,del,TA,T,T:11 TA:0
3336620,del,TA,T,T:16 TA:1
3336679,del,TA,T,T:14 TA:0
3339061,snp,C,A,A:20 C:0
3356668,snp,T,G,G:20 T:0
3356788,snp,A,C,C:20 A:0
336387,snp,A,C,C:20 A:0
3364677,snp,G,A,A:20 G:0
3369904,snp,T,C,C:20 T:0
3369915,snp,A,G,G:20 A:0
3378419,snp,G,C,C:19 G:0
3394981,snp,G,C,C:20 G:0
33994,snp,G,C,C:20 G:0
3407906,snp,C,T,T:20 C:0
3411161,snp,G,A,A:20 G:0
3414230,snp,G,A,A:20 G:0
3427186,snp,G,A,A:20 G:0
3430358,ins,C,CATGTACAA,CATGTACAA:18 C:0
3430358,ins,C,CATGTACAA,CATGTACAA:18 C:1
3457477,snp,A,C,C:20 A:0
3458109,snp,T,G,G:20 T:0
3511368,snp,G,T,T:20 G:0
3547041,snp,C,T,T:20 C:0
3558788,snp,A,C,C:20 A:0
3566976,snp,G,A,A:20 G:0
3571217,snp,C,T,T:20 C:0
3572548,snp,G,C,C:20 G:0
3572564,snp,A,C,C:20 A:0
3580231,snp,C,T,T:20 C:0
3580606,snp,C,T,T:20 C:0
3580634,complex,CACT,TAC,TAC:19 CACT:0
3584854,snp,C,G,G:20 C:0
3597773,snp,C,T,T:20 C:0
3597870,snp,C,T,T:20 C:0
3597903,snp,G,A,A:20 G:0
3628129,snp,G,T,T:20 G:0
3640240,snp,A,G,G:20 A:0
3640346,del,GA,G,G:19 GA:0
3640346,del,GA,G,G:20 GA:0
364514,snp,T,C,C:20 T:0
3743250,snp,G,C,C:20 G:0,repeat_region,+,206/258,69/85,missense_variant c.206C>G p.Ala69Gly
3770768,snp,G,T,T:20 G:0
3778435,snp,G,A,A:20 G:0
3798738,complex,TAGGT,GAGGG,GAGGG:20 TAGGT:0
3798742,snp,T,G,G:20 T:0
3798796,snp,G,T,T:20 G:0
3799041,snp,A,G,G:20 A:0
3803870,snp,T,C,C:20 T:0
380500,snp,A,C,C:20 A:0
3820403,snp,C,T,T:13 C:0
3820403,snp,C,T,T:15 C:1
3820403,snp,C,T,T:16 C:1
3820545,snp,A,G,G:19 A:0
3831558,snp,C,G,G:20 C:0
3841433,snp,C,G,G:20 C:0
3841473,snp,C,T,T:21 C:0
3841652,complex,TGT,AGG,AGG:19 TGT:0
3841662,snp,T,C,C:20 T:0
385170,snp,C,A,A:20 C:0
3862492,snp,T,G,G:20 T:0
3907221,snp,A,G,G:20 A:0
3920064,snp,G,A,A:20 G:0
3930958,snp,C,T,T:20 C:0
3950458,snp,C,G,G:20 C:0
3951312,snp,T,C,C:16 T:0,repeat_region,-,1159/1647,387/548,missense_variant c.1159A>G p.Ile387Val,Rv3515c,fadD19
4038125,complex,TTTTC,GTTTT,GTTTT:19 TTTTC:0
4041408,del,CACA,C,C:19 CACA:0
4056430,snp,T,C,C:20 T:0
4062447,snp,C,A,A:20 C:0
4080979,snp,A,G,G:20 A:0
4081513,snp,T,G,G:20 T:0
4088546,complex,TTTT,GTTTC,GTTTC:20 TTTT:0
4094541,snp,C,G,G:16 C:0
4094541,snp,C,G,G:17 C:0
4094541,snp,C,G,G:18 C:0
4094548,snp,T,C,C:18 T:0
4094559,snp,A,G,G:19 A:0
4094569,snp,G,C,C:20 G:0
4094574,snp,T,G,G:20 T:0
4107120,snp,T,C,C:20 T:0
4120983,snp,A,G,G:16 A:0
41257,snp,A,G,G:20 A:0
4139760,snp,T,C,C:20 T:0
4148295,snp,G,A,A:20 G:0
4156778,snp,G,T,T:13 G:0
4162297,snp,C,T,T:20 C:0
4168470,complex,CGCGGACGGGAAC,A,A:16 CGCGGACGGGAAC:0
4190584,del,AC,A,A:18 AC:0
4190584,del,AC,A,A:19 AC:0
4197138,ins,C,CT,CT:38 C:0
4211943,snp,A,C,C:20 A:0
4212160,snp,G,A,A:20 G:0
4216767,snp,C,T,T:20 C:0
4243217,snp,C,A,A:20 C:0
4243221,complex,CC,AA,AA:19 CC:0
4243225,snp,C,T,T:20 C:0
4266668,snp,C,T,T:20 C:0
4291571,snp,T,C,C:20 T:0
4306837,snp,G,T,T:20 G:0
4314094,snp,A,G,G:20 A:0
4317668,snp,T,G,G:20 T:0
4317826,del,ACGCCCCG,A,A:18 ACGCCCCG:0
4317826,del,ACGCCCCG,A,A:19 ACGCCCCG:0
4317826,del,ACGCCCCG,A,A:20 ACGCCCCG:0
4320447,snp,C,T,T:20 C:0
4323415,snp,G,A,A:20 G:0
4338563,snp,C,A,A:20 C:0
4351065,snp,A,C,C:20 A:0
4359948,snp,T,G,G:20 T:0
4384123,snp,G,A,A:20 G:0
4404428,snp,G,T,T:20 G:0
542980,snp,A,C,C:20 A:0
544797,snp,A,C,C:20 A:0
563462,snp,A,G,G:20 A:0
563522,snp,G,A,A:20 G:0
565479,snp,T,G,G:20 T:0
611104,snp,G,T,T:20 G:0
637501,snp,A,C,C:20 A:0
640030,snp,C,T,T:20 C:0
659341,snp,T,C,C:14 T:0
659402,snp,T,G,G:20 T:0
664929,snp,C,A,A:20 C:0
697050,snp,C,A,A:20 C:0
699840,snp,A,C,C:13 A:0
701336,snp,C,T,T:20 C:0,repeat_region,-,,,intergenic_region n.701336C>T 
714158,del,GT,G,G:18 GT:0
714158,del,GT,G,G:19 GT:0
715334,snp,A,C,C:20 A:0
716322,snp,C,T,T:20 C:0
736270,snp,C,G,G:20 C:0
782417,del,AGCCAGCCAGGGC,A,A:17 AGCCAGCCAGGGC:0
782417,del,AGCCAGCCAGGGC,A,A:18 AGCCAGCCAGGGC:0
789561,snp,A,T,T:20 A:0
812903,snp,T,C,C:20 T:0,repeat_region,+,,,intergenic_region n.812903T>C 
812915,snp,G,C,C:20 G:0,repeat_region,+,,,intergenic_region n.812915G>C 
824748,del,CG,C,C:19 CG:0
824748,del,CG,C,C:20 CG:0
850046,snp,C,T,T:20 C:0
87173,snp,A,G,G:20 A:0
895761,snp,G,T,T:20 G:0
895789,snp,T,C,C:20 T:0
898787,snp,T,C,C:20 T:0
909432,snp,C,G,G:12 C:0
921190,snp,C,G,G:20 C:0
937379,snp,T,G,G:20 T:0
942484,snp,G,T,T:20 G:0
944341,snp,A,C,C:20 A:0
944779,snp,A,C,C:20 A:0
944786,snp,A,C,C:20 A:0
965669,snp,T,C,C:20 T:0
965813,snp,A,G,G:20 A:0
972490,snp,A,G,G:20 A:0
978910,snp,T,G,G:20 T:0
986563,snp,C,T,T:20 C:0
993493,snp,A,C,C:20 A:0
p.Ala103Pro,Rv1446c,opcA
p.Ala104Gly,Rv0131c,fadE1
p.Ala105Thr,Rv1306,atpF
p.Ala106fs,Rv2458,mmuM
p.Ala106Pro,Rv2137c,
p.Ala1082Pro,Rv0386,
p.Ala10Gly,Rv3752c,
p.Ala111Glu,Rv0353,hspR
p.Ala111Ser,Rv2013,
p.Ala113Thr,Rv0729,xylB
p.Ala113Val,Rv0801,
p.Ala114Thr,Rv1889c,
p.Ala115fs,Rv3880c,espL
p.Ala115Gly,Rv1647,
p.Ala116Pro,Rv2998,
p.Ala1208Thr,Rv2940c,mas
p.Ala1248Thr,Rv2934,ppsD
p.Ala124_Gly126del,Rv3716c,
p.Ala126Thr,Rv1575,
p.Ala127Val,Rv3698,
p.Ala129fs,Rv3397c,phyA
p.Ala12Glu,Rv0478,deoC
p.Ala132Val,Rv1462,
p.Ala133Thr,Rv2137c,
p.Ala134Gly,Rv2043c,pncA
p.Ala134Val,Rv2043c,pncA
p.Ala137Pro,Rv2587c,secD
p.Ala137Val,Rv1060,
p.Ala140Val,Rv1358,
p.Ala140Val,Rv2403c,lppR
p.Ala140Val,Rv3180c,
p.Ala143Val,Rv2043c,pncA
p.Ala144Gly,Rv3825c,pks2
p.Ala144Thr,Rv1480,
p.Ala145Val,Rv2403c,lppR
p.Ala151Gly,Rv3897c,
p.Ala151Val,Rv3082c,virS
p.Ala153Val,Rv2886c,
p.Ala155Thr,Rv2643,arsC
p.Ala15Thr,Rv2332,mez
p.Ala15Val,Rv0545c,pitA
p.Ala160Thr,Rv3248c,sahH
p.Ala161Glu,Rv1540,
p.Ala164Thr,Rv1061,
p.Ala168Val,Rv0264c,
p.Ala169Val,Rv3243c,
p.Ala174Glu,Rv0706,rplV
p.Ala175Thr,Rv1071c,echA9
p.Ala175Thr,Rv1349,irtB
p.Ala175Val,Rv2155c,murD
p.Ala179Pro,Rv0358,
p.Ala179Pro,Rv1610,
p.Ala179Val,Rv0505c,serB1
p.Ala17Asp,Rv1412,ribC
p.Ala183Pro,Rv0216,
p.Ala185Thr,Rv3883c,mycP1
p.Ala187Asp,Rv2191,
p.Ala188Gly,Rv0577,TB27.3
p.Ala188Thr,Rv0207c,
p.Ala18Val,Rv1206,fadD6
p.Ala1940Ser,Rv1527c,pks5
p.Ala1966Val,Rv1527c,pks5
p.Ala196Val,Rv1933c,fadE18
p.Ala197Thr,Rv0936,pstA2
p.Ala199fs,Rv1194c,
p.Ala19Thr,Rv1825,
p.Ala200Val,Rv3242c,
p.Ala203Val,Rv0986,
p.Ala204Glu,Rv2659c,
p.Ala205Glu,Rv1513,
p.Ala205Gly,Rv2417c,
p.Ala210Pro,Rv1265,
p.Ala216Pro,Rv0493c,
p.Ala220fs,Rv0492c,
p.Ala220Gly,Rv1112,
p.Ala220Val,Rv0359,
p.Ala222Gly,Rv0686,
p.Ala222Val,Rv0563,htpX
p.Ala224fs,Rv1971,mce3F
p.Ala225Thr,Rv3903c,
p.Ala229Val,Rv0548c,menB
p.Ala230Glu,Rv3713,cobQ2
p.Ala230Thr,Rv3895c,eccB2
p.Ala231Thr,Rv3704c,gshA
p.Ala231Val,Rv3826,fadD23
p.Ala234Thr,Rv3470c,ilvB2
p.Ala236Pro,Rv2398c,cysW
p.Ala23Pro,Rv0415,thiO
p.Ala240Val,Rv2151c,ftsQ
p.Ala244Thr,Rv2296,
p.Ala24Val,Rv1382,
p.Ala251Gly,Rv2953,
p.Ala253Val,Rv2897c,
p.Ala256Val,Rv3839,
p.Ala258Thr,Rv3157,nuoM
p.Ala266fs,Rv3085,
p.Ala26Thr,Rv2337c,
p.Ala271Ser,Rv1600,hisC1
p.Ala279Thr,Rv0377,
p.Ala280Gly,Rv1143,mcr
p.Ala285Gly,Rv0845,
p.Ala287Ser,Rv1456c,
p.Ala288Asp,Rv0006,gyrA
p.Ala289Val,Rv3529c,
p.Ala28Thr,Rv3282,
p.Ala290fs,Rv0064,
p.Ala299Val,Rv3665c,dppB
p.Ala301Val,Rv1329c,dinG
p.Ala302Thr,Rv2587c,secD
p.Ala305Gly,Rv0193c,
p.Ala30Val,Rv2080,lppJ
p.Ala318Val,Rv3626c,
p.Ala31Val,Rv2074,
p.Ala31Val,Rv2799,
p.Ala323Val,Rv2380c,mbtE
p.Ala326Thr,Rv0236c,aftD
p.Ala329Gly,Rv2885c,
p.Ala329Pro,Rv0922,
p.Ala330Val,Rv3194c,
p.Ala336Thr,Rv3061c,fadE22
p.Ala340fs,Rv3401,
p.Ala341fs,Rv0392c,ndhA
p.Ala343Gly,Rv3826,fadD23
p.Ala345Asp,Rv1319c,
p.Ala345Thr,Rv0565c,
p.Ala349Thr,Rv1508c,
p.Ala351Gly,Rv2386c,mbtI
p.Ala352Glu,Rv0938,ligD
p.Ala354Glu,Rv3130c,tgs1
p.Ala358Thr,Rv0988,
p.Ala361Val,Rv3737,
p.Ala365Val,Rv2992c,gltS
p.Ala367Val,Rv2052c,
p.Ala369Val,Rv0243,fadA2
p.Ala369Val,Rv0920c,
p.Ala36Pro,Rv0183,
p.Ala36Val,Rv1395,
p.Ala374Val,Rv1510,
p.Ala378Thr,Rv0492c,
p.Ala387Pro,Rv0800,pepC
p.Ala38Gly,Rv3384c,vapC46
p.Ala38Thr,Rv3806c,ubiA
p.Ala399Thr,Rv0629c,recD
p.Ala39Gly,Rv1382,
p.Ala39Thr,Rv0222,echA1
p.Ala3Gly,Rv3754,tyrA
p.Ala3Val,Rv1625c,cya
p.Ala3Val,Rv2243,fabD
p.Ala402Pro,Rv3909,
p.Ala404Ser,Rv3262,fbiB
p.Ala413Val,Rv1355c,moeY
p.Ala416Thr,Rv1378c,
p.Ala422Glu,Rv1030,kdpB
p.Ala426Thr,Rv2152c,murC
p.Ala431Thr,Rv0897c,
p.Ala43Pro,Rv0183,
p.Ala444fs,Rv1937,
p.Ala44fs,Rv2780,ald
p.Ala451Ser,Rv3910,
p.Ala45Val,Rv1401,
p.Ala460Val,Rv1836c,
p.Ala469Gly,Rv0083,
p.Ala474Val,Rv0119,fadD7
p.Ala483Pro,Rv0538,
p.Ala485Gly,Rv2455c,
p.Ala497Gly,Rv1165,typA
p.Ala504Val,Rv0005,gyrB
p.Ala517Ser,Rv0551c,fadD8
p.Ala51Glu,Rv2946c,pks1
p.Ala51Val,Rv0205,
p.Ala51Val,Rv2212,
p.Ala521Asp,Rv0668,rpoC
p.Ala521Thr,Rv3829c,
p.Ala53Thr,Rv2542,
p.Ala562Thr,Rv0032,bioF2
p.Ala56Gly,Rv0069c,sdaA
p.Ala56Gly,Rv2231B,vapB16
p.Ala57Gly,Rv2736c,recX
p.Ala583Thr,Rv2345,
p.Ala58_Leu60delinsVal,Rv0844c,narL
p.Ala596Glu,Rv1835c,
p.Ala5Glu,Rv2652c,
p.Ala613Pro,Rv2737c,recA
p.Ala626Gly,Rv3156,nuoL
p.Ala62Pro,Rv1336,cysM
p.Ala64Gly,Rv2746c,pgsA3
p.Ala659Gly,Rv2748c,ftsK
p.Ala674Gly,Rv1161,narG
p.Ala67Gly,Rv0341,iniB
p.Ala69fs,Rv3404c,
p.Ala69Val,Rv0383c,
p.Ala70Pro,Rv0847,lpqS
p.Ala71Val,Rv2028c,
p.Ala739Val,Rv0284,eccC3
p.Ala74Ser,Rv3375,amiD
p.Ala75Pro,Rv1217c,
p.Ala75Val,Rv1599,hisD
p.Ala76Val,Rv0692,
p.Ala799Pro,Rv0338c,
p.Ala80del,Rv0428c,
p.Ala81Pro,Rv0400c,fadE7
p.Ala82Ser,Rv1961,
p.Ala84Glu,Rv2764c,thyA
p.Ala84Thr,Rv1008,tatD
p.Ala85Val,Rv1830,
p.Ala86Val,Rv1939,
p.Ala89Gly,Rv1405c,
p.Ala90Gly,Rv2541,
p.Ala90Pro,Rv2540c,aroF
p.Ala919Gly,Rv3894c,eccC2
p.Ala92Gly,Rv1049,
p.Ala959Val,Rv3894c,eccC2
p.Ala96Gly,Rv0622,
p.Ala98Gly,Rv3037c,
p.Ala98Thr,Rv0692,
p.Ala99fs,Rv0277c,vapC25
p.Ala9Thr,Rv3087,
p.AlaAla1085GlyGly,Rv1020,mfd
p.AlaAla79ProPro,Rv1900c,lipJ
p.AlaAsp930GlyGly,Rv3447c,eccC4
p.AlaGlu221GlyGly,Rv1280c,oppA
p.AlaGlu39GlyGly,Rv1382,
p.AlaPhe30GlyVal,Rv1916,aceAb
p.AlaSer90ValPro,Rv0006,gyrA
p.AlaThr180ProPro,Rv3645,
p.AlaThrThr151ProProPro,Rv1747,
p.AlaVal465GlyGly,Rv0486,mshA
p.Arg1000His,Rv1161,narG
p.Arg102His,Rv2765,
p.Arg109Ser,Rv2081c,
p.Arg109Ser,Rv3483c,
p.Arg112Gly,Rv3055,
p.Arg119Cys,Rv0852,fadD16
p.Arg120fs,Rv2752c,
p.Arg120Gly,Rv1736c,narX
p.Arg126fs,Rv1964,yrbE3A
p.Arg127Trp,Rv1431,
p.Arg129Gly,Rv2185c,TB16.3
p.Arg131Pro,Rv0054,ssb
p.Arg135Trp,Rv0678,
p.Arg135Trp,Rv2252,
p.Arg137*,Rv2456c,
p.Arg137Trp,Rv0905,echA6
p.Arg139Gly,Rv0210,
p.Arg139Pro,Rv0749,vapC31
p.Arg144Pro,Rv0822c,
p.Arg14Lys,Rv1816,
p.Arg150Cys,Rv0830,
p.Arg151His,Rv3695,
p.Arg153Cys,Rv1341,
p.Arg153Trp,Rv3457c,rpoA
p.Arg154fs,Rv2043c,pncA
p.Arg155Gln,Rv0077c,
p.Arg15*,Rv1460,
p.Arg161Pro,Rv1989c,
p.Arg163Gln,Rv1863c,
p.Arg166Ser,Rv2889c,tsf
p.Arg168Tyr,Rv3214,gpm2
p.Arg16Ser,Rv3908,mutT4
p.Arg170Cys,Rv1730c,
p.Arg175Ser,Rv0780,purC
p.Arg182Leu,Rv3457c,rpoA
p.Arg1907Cys,Rv2048c,pks12
p.Arg190Pro,Rv0535,pnp
p.Arg192Trp,Rv0320,
p.Arg195Gln,Rv0776c,
p.Arg19Gln,Rv3283,sseA
p.Arg204dup,Rv2953,
p.Arg207Gly,Rv3854c,ethA
p.Arg2164Ser,Rv2524c,fas
p.Arg219Gly,Rv2981c,ddlA
p.Arg219Trp,Rv1462,
p.Arg220Gln,Rv2068c,blaC
p.Arg220Gln,Rv3520c,
p.Arg222His,Rv3903c,
p.Arg226Gln,Rv2187,fadD15
p.Arg22His,Rv0619,galTb
p.Arg233Gln,Rv0001,dnaA
p.Arg234fs,Rv2308,
p.Arg238Gly,Rv0917,betP
p.Arg239Gly,Rv1639c,
p.Arg243His,Rv0798c,cfp29
p.Arg246fs,Rv0888,
p.Arg247Trp,Rv0881,
p.Arg256Leu,Rv2605c,tesB2
p.Arg256Leu,Rv3660c,
p.Arg258Gly,Rv2817c,
p.Arg260Pro,Rv2995c,leuB
p.Arg261Trp,Rv3498c,mce4B
p.Arg262Gln,Rv3589,mutY
p.Arg275Cys,Rv3401,
p.Arg282Trp,Rv2922c,smc
p.Arg283Pro,Rv1459c,
p.Arg29Cys,Rv1774,
p.Arg2Cys,Rv0976c,
p.Arg304His,Rv0946c,pgi
p.Arg306Gly,Rv1240,mdh
p.Arg310Gly,Rv3882c,eccE1
p.Arg314Pro,Rv0014c,pknB
p.Arg324Leu,Rv3285,accA3
p.Arg32Gln,Rv1912c,fadB5
p.Arg33Cys,Rv0204c,
p.Arg343Gly,Rv0914c,
p.Arg349Gly,Rv3640c,
p.Arg351Pro,Rv2723,
p.Arg360His,Rv1633,uvrB
p.Arg36His,Rv2523c,acpS
p.Arg370Ser,Rv3409c,choD
p.Arg374Leu,Rv3229c,desA3
p.Arg38Ser,Rv0093c,
p.Arg391Gly,Rv1524,
p.Arg411His,Rv0131c,fadE1
p.Arg419Cys,Rv2800,
p.Arg42His,Rv3680,
p.Arg433Gln,Rv3193c,
p.Arg43Leu,Rv3568c,hsaC
p.Arg43*,Rv0605,
p.Arg446Cys,Rv0005,gyrB
p.Arg486Gln,Rv3859c,gltB
p.Arg493Gly,Rv2287,yjcE
p.Arg504Pro,Rv2459,
p.Arg50Ala,Rv0397,
p.Arg50Gly,Rv1312,
p.Arg50His,Rv0919,
p.Arg536Ser,Rv0092,ctpA
p.Arg53Gly,Rv1831,
p.Arg548Pro,Rv0853c,pdc
p.Arg54fs,Rv3862c,whiB6
p.Arg56Cys,Rv2301,cut2
p.Arg56Leu,Rv2240c,
p.Arg56Pro,Rv1188,
p.Arg589Gly,Rv3910,
p.Arg592Pro,Rv2566,
p.Arg5fs,Rv0220,lipC
p.Arg63del,Rv3814c,
p.Arg66fs,Rv2828A,
p.Arg6Gln,Rv2039c,
p.Arg75Leu,Rv2724c,fadE20
p.Arg75Ser,Rv1327c,glgE
p.Arg774His,Rv2933,ppsC
p.Arg78Thr,Rv1641,infC
p.Arg81Cys,Rv0026,
p.Arg81Trp,Rv0071,
p.Arg827Cys,Rv0667,rpoB
p.Arg827Gln,Rv2006,otsB1
p.Arg827His,Rv0667,rpoB
p.Arg850His,Rv0631c,recC
p.Arg858fs,Rv0266c,oplA
p.Arg879Gly,Rv3793,embC
p.Arg896Cys,Rv0386,
p.Arg89_Tyr91del,Rv2621c,
p.Arg91fs,Rv1982c,vapC36
p.Arg935del,Rv3728,
p.Arg93Gly,Rv2484c,
p.Arg95Pro,Rv1661,pks7
p.Arg964Pro,Rv0107c,ctpI
p.Arg96His,Rv2258c,
p.Arg99Pro,Rv2850c,
p.Arg99Ser,Rv1581c,
p.ArgArg134GlyGly,Rv1940,ribA1
p.ArgVal128GlyGly,Rv0237,lpqI
p.ArgVal210GlyPhe,Rv2417c,
p.Asn11fs,Rv0986,
p.Asn135Thr,Rv1856c,
p.Asn150Tyr,Rv0169,mce1A
p.Asn198Asp,Rv0988,
p.Asn199Thr,Rv0291,mycP3
p.Asn22Lys,Rv1061,
p.Asn236Lys,Rv1694,tlyA
p.Asn238Lys,Rv2614c,thrS
p.Asn263Asp,Rv2485c,lipQ
p.Asn263Asp,Rv2579,dhaA
p.Asn273Ser,Rv3720,
p.Asn296His,Rv3795,embB
p.Asn306Asp,Rv2953,
p.Asn355Thr,Rv3201c,
p.Asn366Ser,Rv3229c,desA3
p.Asn373Lys,Rv2684,arsA
p.Asn426Thr,Rv0171,mce1C
p.Asn455Thr,Rv0051,
p.Asn466Thr,Rv2075c,
p.Asn499Thr,Rv0005,gyrB
p.Asn50Asp,Rv0342,iniA
p.Asn558Lys,Rv0005,gyrB
p.Asn561Asp,Rv0186,bglS
p.Asn567Ser,Rv0584,
p.Asn621Thr,Rv2931,ppsA
p.Asn66Thr,Rv0425c,ctpH
p.Asn6Ser,Rv2295,
p.Asn6Thr,Rv3161c,
p.Asn84Thr,Rv2541,
p.Asn857Thr,Rv1384,carB
p.Asn95Lys,Rv0113,gmhA
p.AsnHis159ThrPro,Rv0727c,fucA
p.AsnLeu150ThrPro,Rv1895,
p.Asp103Gly,Rv3866,espG1
p.Asp107His,Rv2700,
p.Asp1126Gly,Rv2062c,cobN
p.Asp116Ala,Rv0822c,
p.Asp1189Ala,Rv2524c,fas
p.Asp1253fs,Rv2934,ppsD
p.Asp125Ala,Rv3672c,
p.Asp126Ala,Rv0822c,
p.Asp129Glu,Rv1940,ribA1
p.Asp132fs,Rv0676c,mmpL5
p.Asp134Ala,Rv0536,galE3
p.Asp135Ala,Rv1781c,malQ
p.Asp135Ala,Rv2120c,
p.Asp135Ala,Rv2447c,folC
p.Asp137Ala,Rv1676,
p.Asp137Gly,Rv1596,nadC
p.Asp138Gly,Rv2311,
p.Asp140Ala,Rv0264c,
p.Asp140His,Rv0046c,ino1
p.Asp1423Gly,Rv2932,ppsB
p.Asp1429Glu,Rv3800c,pks13
p.Asp142Asn,Rv0078A,
p.Asp143Asn,Rv3195,
p.Asp144Ala,Rv1700,
p.Asp145Ala,Rv0962c,lprP
p.Asp145Ala,Rv3705c,
p.Asp149Ala,Rv1860,apa
p.Asp14Glu,Rv3912,
p.Asp150Tyr,Rv0448c,
p.Asp15Asn,Rv2407,
p.Asp163Glu,Rv2568c,
p.Asp163Gly,Rv3365c,
p.Asp163Val,Rv1251c,
p.Asp164Ala,Rv2839c,infB
p.Asp169_Glu170insLysGlyGluArgAlaHisAsp,Rv3919c,gid
p.Asp16Asn,Rv2511,orn
p.Asp176Gly,Rv2858c,aldC
p.Asp182Tyr,Rv3698,
p.Asp184Asn,Rv2427c,proA
p.Asp185Gly,Rv1597,
p.Asp187Ala,Rv0867c,rpfA
p.Asp189Gly,Rv1547,dnaE1
p.Asp18His,Rv3458c,rpsD
p.Asp198Ala,Rv1376,
p.Asp19His,Rv3569c,hsaD
p.Asp200Ala,Rv3685c,cyp137
p.Asp205fs,Rv0144,
p.Asp207Glu,Rv1178,
p.Asp208His,Rv1244,lpqZ
p.Asp20Ala,Rv3702c,
p.Asp212Glu,Rv2568c,
p.Asp21Asn,Rv2632c,
p.Asp223His,Rv0428c,
p.Asp225Asn,Rv1886c,fbpB
p.Asp228Ala,Rv2095c,pafC
p.Asp22Ala,Rv1912c,fadB5
p.Asp230Gly,Rv3870,eccCa1
p.Asp2316Ala,Rv0101,nrp
p.Asp231Asn,Rv2032,acg
p.Asp232Ala,Rv0489,gpm1
p.Asp239Gly,Rv3524,
p.Asp242Ala,Rv1112,
p.Asp247fs,Rv2000,
p.Asp248Ala,Rv3817,
p.Asp24Gly,Rv2089c,pepE
p.Asp252Glu,Rv0119,fadD7
p.Asp257Tyr,Rv0209,
p.Asp25Ala,Rv2236c,cobD
p.Asp260Ala,Rv2471,aglA
p.Asp275fs,Rv2471,aglA
p.Asp279Glu,Rv1512,epiA
p.Asp27Asn,Rv2237,
p.Asp285Ala,Rv2553c,
p.Asp297Ala,Rv3691,
p.Asp299Gly,Rv3071,
p.Asp29fs,Rv3482c,
p.Asp31Glu,Rv3661,
p.Asp320Ala,Rv1599,hisD
p.Asp321Asn,Rv0766c,cyp123
p.Asp331Ala,Rv1968,mce3C
p.Asp334Ala,Rv0648,
p.Asp33Lys,Rv0236A,
p.Asp342Ala,Rv1968,mce3C
p.Asp347Gly,Rv0932c,pstS2
p.Asp348Ala,Rv0171,mce1C
p.Asp350Ala,Rv1232c,
p.Asp352Ala,Rv2610c,pimA
p.Asp36Gly,Rv0257,
p.Asp373Ala,Rv3907c,pcnA
p.Asp379Ala,Rv0425c,ctpH
p.Asp381Ala,Rv2190c,
p.Asp388Ala,Rv0119,fadD7
p.Asp38Ala,Rv2292c,
p.Asp38Gly,Rv3061c,fadE22
p.Asp393Ala,Rv1381,pyrC
p.Asp404Gly,Rv3068c,pgmA
p.Asp410Ala,Rv1971,mce3F
p.Asp411Asn,Rv3903c,
p.Asp4140Ala,Rv2048c,pks12
p.Asp41Asn,Rv3896c,
p.Asp422Ala,Rv0886,fprB
p.Asp422Ala,Rv2922c,smc
p.Asp424Gly,Rv3703c,
p.Asp427His,Rv1173,fbiC
p.Asp439Ala,Rv1327c,glgE
p.Asp451Gly,Rv3060c,
p.Asp455Ala,Rv3308,pmmB
p.Asp461Asn,Rv0005,gyrB
p.Asp461His,Rv0005,gyrB
p.Asp46Glu,Rv0854,
p.Asp485Tyr,Rv0668,rpoC
p.Asp49Ala,Rv0223c,
p.Asp4Asn,Rv3651,
p.Asp51Gly,Rv0089,
p.Asp523Glu,Rv3743c,ctpJ
p.Asp543Gly,Rv0538,
p.Asp56Gly,Rv3551,
p.Asp57Asn,Rv0668,rpoC
p.Asp601Ala,Rv2082,
p.Asp608Ala,Rv1286,cysN
p.Asp66Ala,Rv1217c,
p.Asp67Ala,Rv0345,
p.Asp67Gly,Rv3919c,gid
p.Asp68Ala,Rv3071,
p.Asp69Ala,Rv2895c,viuB
p.Asp72Gly,Rv2932,ppsB
p.Asp744Asn,Rv1937,
p.Asp748Glu,Rv0384c,clpB
p.Asp74Ala,Rv2261c,
p.Asp777Asn,Rv0667,rpoB
p.Asp820Ala,Rv3370c,dnaE2
p.Asp88Ala,Rv2122c,hisE
p.Asp89Ala,Rv1975,
p.Asp89Ala,Rv2351c,plcA
p.Asp8Asn,Rv2043c,pncA
p.Asp912Gly,Rv2381c,mbtD
p.Asp934Gly,Rv3447c,eccC4
p.Asp94Asn,Rv0006,gyrA
p.Asp98Glu,Rv3300c,
p.AspLeu116AlaPro,Rv0822c,
p.AspLeu387AlaPro,Rv3446c,
p.AspSer94AsnThr,Rv0006,gyrA
p.Cys108fs,Rv0195,
p.Cys138del,Rv2043c,pncA
p.Cys13Arg,Rv0971c,echA7
p.Cys14Ser,Rv3142c,
p.Cys160Arg,Rv1830,
p.Cys194Trp,Rv3000,
p.Cys200Gly,Rv0602c,tcrA
p.Cys29Ser,Rv1614,lgt
p.Cys45Tyr,Rv0999,
p.Cys502Gly,Rv3721c,dnaZX
p.Cys53Arg,Rv3862c,whiB6
p.Cys62Ser,Rv0841,
p.Cys81Arg,Rv2978c,
p.Cys88Trp,Rv1662,pks8
p.Cys893Trp,Rv3239c,
p.Cys9Tyr,Rv0118c,oxcA
p.Gln101His,Rv3220c,
p.Gln109*,Rv0572c,
p.Gln10Arg,Rv2043c,pncA
p.Gln110Arg,Rv2541,
p.Gln1110His,Rv0668,rpoC
p.Gln121Arg,Rv0554,bpoC
p.Gln129*,Rv2531c,
p.Gln133Lys,Rv3055,
p.Gln135Lys,Rv1638,uvrA
p.Gln136*,Rv0022c,whiB5
p.Gln139Lys,Rv0614,
p.Gln13*,Rv0393,
p.Gln143Glu,Rv1518,
p.Gln161His,Rv2839c,infB
p.Gln173Arg,Rv1611,trpC
p.Gln190Lys,Rv1857,modA
p.Gln203Pro,Rv1631,coaE
p.Gln207*,Rv2068c,blaC
p.Gln217*,Rv3848,
p.Gln219Lys,Rv2922c,smc
p.Gln219Pro,Rv2571c,
p.Gln228Arg,Rv1248c,
p.Gln234His,Rv3698,
p.Gln246*,Rv2752c,
p.Gln255Pro,Rv3881c,espB
p.Gln255*,Rv0614,
p.Gln265Glu,Rv0604,lpqO
p.Gln268Pro,Rv0209,
p.Gln279His,Rv2153c,murG
p.Gln31Arg,Rv2542,
p.Gln367*,Rv2725c,hflX
p.Gln37Lys,Rv1726,
p.Gln3Arg,Rv2211c,gcvT
p.Gln406Arg,Rv3882c,eccE1
p.Gln431*,Rv0235c,
p.Gln442His,Rv0001,dnaA
p.Gln46Pro,Rv1765A,
p.Gln48Glu,Rv2231B,vapB16
p.Gln526His,Rv1739c,
p.Gln547del,Rv2411c,
p.Gln596Lys,Rv0457c,
p.Gln599His,Rv2082,
p.Gln655Pro,Rv1661,pks7
p.Gln69fs,Rv0008c,
p.Gln70His,Rv2888c,amiC
p.Gln721Pro,Rv0386,
p.Gln799fs,Rv1527c,pks5
p.Gln851His,Rv1183,mmpL10
p.Gln87Arg,Rv1747,
p.Gln87His,Rv2679,echA15
p.Gln91*,Rv2880c,
p.Gln934His,Rv0064,
p.Glu1010Gly,Rv1020,mfd
p.Glu1033Val,Rv0668,rpoC
p.Glu105dup,Rv2144c,
p.Glu107Asp,Rv2709,
p.Glu116Gly,Rv3074,
p.Glu118Ala,Rv0229c,
p.Glu118Asp,Rv1424c,
p.Glu123Gly,Rv3138,pflA
p.Glu124Gly,Rv1413,
p.Glu127Lys,Rv0610c,
p.Glu12Lys,Rv3008,
p.Glu132Lys,Rv2587c,secD
p.Glu133Asp,Rv2587c,secD
p.Glu141Asp,Rv2587c,secD
p.Glu157Gly,Rv1925,fadD31
p.Glu15Lys,Rv1257c,
p.Glu164Gly,Rv1378c,
p.Glu172Ala,Rv0840c,pip
p.Glu172Lys,Rv1194c,
p.Glu173fs,Rv2043c,pncA
p.Glu177Ala,Rv2006,otsB1
p.Glu177Gly,Rv1459c,
p.Glu180Asp,Rv1938,ephB
p.Glu183Gly,Rv0212c,nadR
p.Glu188Asp,Rv3169,
p.Glu189fs,Rv2263,
p.Glu190Gly,Rv0212c,nadR
p.Glu193Ala,Rv0945,
p.Glu194Asp,Rv3625c,mesJ
p.Glu196Ala,Rv1483,fabG1
p.Glu196Asp,Rv0633c,
p.Glu200Gly,Rv0158,
p.Glu202Ser,Rv3868,eccA1
p.Glu210Ala,Rv0084,hycD
p.Glu222Lys,Rv0929,pstC2
p.Glu2244Gly,Rv2048c,pks12
p.Glu226Lys,Rv1315,murA
p.Glu229*,Rv0087,hycE
p.Glu23Gly,Rv0929,pstC2
p.Glu254Lys,Rv3537,kstD
p.Glu260Asp,Rv3084,lipR
p.Glu265Gly,Rv1633,uvrB
p.Glu267fs,Rv1226c,
p.Glu26Gly,Rv3048c,nrdF2
p.Glu295Asp,Rv2280,
p.Glu309Gly,Rv1028c,kdpD
p.Glu30Asp,Rv0130,htdZ
p.Glu316Gln,Rv3176c,mesT
p.Glu323fs,Rv3879c,espK
p.Glu325Gly,Rv0958,
p.Glu331Ala,Rv3001c,ilvC
p.Glu349Lys,Rv2047c,
p.Glu359Lys,Rv3877,eccD1
p.Glu362Lys,Rv1106c,
p.Glu368Asp,Rv1779c,
p.Glu368Lys,Rv0338c,
p.Glu36Ala,Rv0610c,
p.Glu36Lys,Rv0743c,
p.Glu372Gly,Rv3685c,cyp137
p.Glu396Lys,Rv0001,dnaA
p.Glu39Gly,Rv1590,
p.Glu3Asp,Rv3335c,
p.Glu3Gln,Rv2715,
p.Glu401Gly,Rv2931,ppsA
p.Glu404Gln,Rv3630,
p.Glu40Gly,Rv0610c,
p.Glu422Lys,Rv3693,
p.Glu425Lys,Rv3009c,gatB
p.Glu429Gly,Rv3245c,mtrB
p.Glu430Lys,Rv0001,dnaA
p.Glu447Leu,Rv2380c,mbtE
p.Glu451Asp,Rv3868,eccA1
p.Glu468Gly,Rv2572c,aspS
p.Glu481Ala,Rv0667,rpoB
p.Glu486Asp,Rv2226,
p.Glu49Asp,Rv3698,
p.Glu526Gln,Rv3710,leuA
p.Glu52Gly,Rv2346c,esxO
p.Glu544Gly,Rv0684,fusA1
p.Glu54Ala,Rv1134,
p.Glu557Gly,Rv2047c,
p.Glu55Ala,Rv0391,metZ
p.Glu59Gly,Rv0621,
p.Glu61Gly,Rv3190c,
p.Glu646Lys,Rv3198c,uvrD2
p.Glu64Asp,Rv1991A,mazE6
p.Glu650Ala,Rv2748c,ftsK
p.Glu693Gly,Rv2380c,mbtE
p.Glu69Gln,Rv1276c,
p.Glu726Gly,Rv1783,eccC5
p.Glu727Gly,Rv1783,eccC5
p.Glu73Gln,Rv1516c,
p.Glu757Gly,Rv0668,rpoC
p.Glu91Asp,Rv3099c,
p.Glu989fs,Rv0425c,ctpH
p.GluSer164GlyAla,Rv1378c,
p.GluTrp141GlyGly,Rv2763c,dfrA
p.GluTyr544GlyAsp,Rv0684,fusA1
p.Gly100Arg,Rv1716,
p.Gly102Asp,Rv0307c,
p.Gly103fs,Rv2081c,
p.Gly103Trp,Rv2081c,
p.Gly104dup,Rv2081c,
p.Gly104_Val105insGlyGlyGlyGlyGlyGlyGlyGlyGlyGlyGlyGly,Rv2081c,
p.Gly105Ala,Rv1872c,lldD2
p.Gly106Ser,Rv1501,
p.Gly106Val,Rv2823c,
p.Gly107Ala,Rv0823c,
p.Gly110Ser,Rv0034,
p.Gly114Arg,Rv0498,
p.Gly11fs,Rv3854c,ethA
p.Gly123Ala,Rv1589,bioB
p.Gly123Asp,Rv1870c,
p.Gly125Ser,Rv3575c,
p.Gly128Glu,Rv3397c,phyA
p.Gly131Asp,Rv2796c,lppV
p.Gly13Asp,Rv3174,
p.Gly142Ala,Rv1032c,trcS
p.Gly143Arg,Rv2812,
p.Gly145Ser,Rv1694,tlyA
p.Gly146Ser,Rv0258c,
p.Gly14Ser,Rv1511,gmdA
p.Gly153Arg,Rv0576,
p.Gly153Ser,Rv1314c,
p.Gly157fs,Rv3241c,
p.Gly161fs,Rv1421,
p.Gly166Arg,Rv2787,
p.Gly167Ser,Rv3302c,glpD2
p.Gly16Val,Rv1290A,
p.Gly178Ser,Rv3267,
p.Gly17fs,Rv3919c,gid
p.Gly17Ser,Rv1104,
p.Gly1840Arg,Rv1661,pks7
p.Gly184Val,Rv2300c,
p.Gly185Asp,Rv3493c,
p.Gly185Ser,Rv3800c,pks13
p.Gly187Cys,Rv2928,tesA
p.Gly18Asp,Rv1888A,
p.Gly190Val,Rv2215,dlaT
p.Gly192Glu,Rv0157,pntB
p.Gly205fs,Rv0891c,
p.Gly214Ala,Rv2566,
p.Gly21Ala,Rv0093c,
p.Gly21Ala,Rv2654c,
p.Gly221Arg,Rv1186c,
p.Gly224Val,Rv0758,phoR
p.Gly237Ser,Rv0891c,
p.Gly243Arg,Rv3428c,
p.Gly244Cys,Rv1860,apa
p.Gly24Arg,Rv2043c,pncA
p.Gly24Asp,Rv3865,espF
p.Gly250Ser,Rv2723,
p.Gly250Ser,Rv3068c,pgmA
p.Gly251Asp,Rv3560c,fadE30
p.Gly254Arg,Rv3693,
p.Gly254Ser,Rv3220c,
p.Gly255Arg,Rv1630,rpsA
p.Gly266Ala,Rv2263,
p.Gly269Ser,Rv1552,frdA
p.Gly270Asp,Rv0604,lpqO
p.Gly270fs,Rv1718,
p.Gly274Glu,Rv1232c,
p.Gly278Ser,Rv2030c,
p.Gly280Ala,Rv3691,
p.Gly288fs,Rv3754,tyrA
p.Gly291Arg,Rv0162c,adhE1
p.Gly2Ser,Rv2887,
p.Gly307Ala,Rv0017c,rodA
p.Gly31Ser,Rv3457c,rpoA
p.Gly331Cys,Rv2139,pyrD
p.Gly33Asp,Rv0260c,
p.Gly341Ser,Rv0914c,
p.Gly345fs,Rv2402,
p.Gly35Arg,Rv2089c,pepE
p.Gly364Ser,Rv3758c,proV
p.Gly367Ala,Rv0490,senX3
p.Gly378Ser,Rv0327c,cyp135A1
p.Gly385Asp,Rv1315,murA
p.Gly394Asp,Rv0161,
p.Gly39_Ile42del,Rv0044c,
p.Gly433Ser,Rv0668,rpoC
p.Gly43Ala,Rv0662c,vapB7
p.Gly43Cys,Rv3854c,ethA
p.Gly449Arg,Rv0143c,
p.Gly450Asp,Rv0983,pepD
p.Gly46Cys,Rv0882,
p.Gly474Arg,Rv1183,mmpL10
p.Gly475Ser,Rv0457c,
p.Gly495Asp,Rv3470c,ilvB2
p.Gly498Asp,Rv1536,ileS
p.Gly504Ala,Rv0528,
p.Gly50Ala,Rv0779c,
p.Gly522Ser,Rv0119,fadD7
p.Gly532Ser,Rv3061c,fadE22
p.Gly56Asp,Rv0249c,
p.Gly582Arg,Rv3794,embA
p.Gly642Ala,Rv1251c,
p.Gly646Ser,Rv1020,mfd
p.Gly653Asp,Rv1640c,lysX
p.Gly65Asp,Rv3393,iunH
p.Gly66fs,Rv0192A,
p.Gly706Ala,Rv1475c,acn
p.Gly71Arg,Rv2924c,fpg
p.Gly71*,Rv3919c,gid
p.Gly71Ser,Rv1265,
p.Gly72Arg,Rv0010c,
p.Gly72Arg,Rv3826,fadD23
p.Gly74Cys,Rv3359,
p.Gly775Ser,Rv3401,
p.Gly78Arg,Rv1344,mbtL
p.Gly78fs,Rv2333c,stp
p.Gly81Cys,Rv1529,fadD24
p.Gly82Arg,Rv3319,sdhB
p.Gly85Asp,Rv0277c,vapC25
p.Gly86Arg,Rv3574,kstR
p.Gly87fs,Rv1233c,
p.Gly88Arg,Rv1663,pks17
p.Gly88Cys,Rv0006,gyrA
p.Gly92Arg,Rv0058,dnaB
p.Gly93Asp,Rv2829c,vapC22
p.Gly93Cys,Rv1490,
p.Gly94Asp,Rv3090,
p.Gly950Ser,Rv2124c,metH
p.Gly951Glu,Rv2967c,pca
p.Gly969Arg,Rv2933,ppsC
p.Gly9Arg,Rv3252c,alkB
p.GlyVal720ArgGly,Rv1783,eccC5
p.His105Arg,Rv1602,hisH
p.His105Arg,Rv2252,
p.His107Pro,Rv3309c,upp
p.His11Pro,Rv1134,
p.His129Pro,Rv1118c,
p.His13Tyr,Rv2455c,
p.His166Arg,Rv2906c,trmD
p.His166Tyr,Rv2924c,fpg
p.His168Pro,Rv3754,tyrA
p.His188Pro,Rv0182c,sigG
p.His18fs,Rv0923c,
p.His199Pro,Rv1024,
p.His201Gln,Rv2323c,
p.His203fs,Rv0029,
p.His208Pro,Rv3866,espG1
p.His209Arg,Rv2332,mez
p.His22fs,Rv3854c,ethA
p.His234Gln,Rv3300c,
p.His265Pro,Rv3239c,
p.His26Pro,Rv0487,
p.His288Pro,Rv3879c,espK
p.His299Pro,Rv3397c,phyA
p.His302Pro,Rv2566,
p.His304Arg,Rv2713,sthA
p.His350Tyr,Rv0785,
p.His361Pro,Rv0391,metZ
p.His396Tyr,Rv1354c,
p.His3Pro,Rv0435c,
p.His42Arg,Rv0342,iniA
p.His431Pro,Rv0327c,cyp135A1
p.His47Pro,Rv1233c,
p.His4fs,Rv3854c,ethA
p.His508Pro,Rv1449c,tkt
p.His518Arg,Rv3061c,fadE22
p.His53Asn,Rv2464c,
p.His57Asp,Rv2043c,pncA
p.His582Asn,Rv1348,irtA
p.His592Pro,Rv2082,
p.His59Tyr,Rv0918,
p.His5Arg,Rv1938,ephB
p.His62Pro,Rv0497,
p.His664Tyr,Rv3151,nuoG
p.His67Pro,Rv2138,lppL
p.His684Pro,Rv3610c,ftsH
p.His69fs,Rv2042c,
p.His71Pro,Rv0947c,
p.His77Asp,Rv2760c,vapB42
p.His77Pro,Rv0858c,dapC
p.His7Pro,Rv0412c,
p.His84Pro,Rv0663,atsD
p.His920Tyr,Rv3825c,pks2
p.His99Arg,Rv0670,end
p.HisCys113ProArg,Rv3534c,hsaF
p.HisPhe135ProLeu,Rv1860,apa
p.Ile103Val,Rv0170,mce1B
p.Ile103Val,Rv0687,
p.Ile108Val,Rv1490,
p.Ile109Thr,Rv2019,
p.Ile10Leu,Rv0545c,pitA
p.Ile1106Thr,Rv0667,rpoB
p.Ile112Met,Rv1863c,
p.Ile112Thr,Rv2484c,
p.Ile113Val,Rv0527,ccdA
p.Ile115Val,Rv0138,
p.Ile130Thr,Rv0731c,
p.Ile13Val,Rv0104,
p.Ile149Val,Rv2958c,
p.Ile154Thr,Rv0789c,
p.Ile170Val,Rv3806c,ubiA
p.Ile175Val,Rv0844c,narL
p.Ile178Thr,Rv2054,
p.Ile190fs,Rv1984c,cfp21
p.Ile200Val,Rv0119,fadD7
p.Ile211del,Rv1501,
p.Ile218Val,Rv3673c,
p.Ile234Thr,Rv2003c,
p.Ile248Val,Rv0881,
p.Ile249fs,Rv0142,
p.Ile251Val,Rv0260c,
p.Ile267Thr,Rv2955c,
p.Ile268Phe,Rv2317,uspB
p.Ile275Thr,Rv1101c,
p.Ile27Val,Rv0989c,grcC2
p.Ile281Val,Rv1726,
p.Ile28Ser,Rv3224A,
p.Ile29Phe,Rv1403c,
p.Ile335Val,Rv2586c,secF
p.Ile342Val,Rv3003c,ilvB1
p.Ile348del,Rv0392c,ndhA
p.Ile366Thr,Rv3365c,
p.Ile369Asn,Rv3531c,
p.Ile419Val,Rv1568,bioA
p.Ile435Thr,Rv0327c,cyp135A1
p.Ile470Phe,Rv0234c,gabD1
p.Ile474Val,Rv3799c,accD4
p.Ile47Thr,Rv2101,helZ
p.Ile488Val,Rv0667,rpoB
p.Ile495Ser,Rv3824c,papA1
p.Ile4Val,Rv2685,arsB1
p.Ile500Thr,Rv1165,typA
p.Ile50Thr,Rv3029c,fixA
p.Ile515Thr,Rv1449c,tkt
p.Ile560Val,Rv3436c,glmS
p.Ile590Leu,Rv3285,accA3
p.Ile67fs,Rv0678,
p.Ile68Val,Rv2127,ansP1
p.Ile792Val,Rv1384,carB
p.Ile819Thr,Rv1937,
p.Ile84Val,Rv0005,gyrB
p.Ile8Met,Rv3578,arsB2
p.Ile908Ser,Rv1638,uvrA
p.Leu108Arg,Rv2541,
p.Leu108Val,Rv1857,modA
p.Leu109fs,Rv1200,
p.Leu115Phe,Rv3697c,vapC48
p.Leu121Pro,Rv2073c,
p.Leu122Ser,Rv2456c,
p.Leu124Pro,Rv2954c,
p.Leu1280Phe,Rv0101,nrp
p.Leu136Arg,Rv1853,ureD
p.Leu136Phe,Rv0681,
p.Leu13Phe,Rv2637,dedA
p.Leu140Pro,Rv1747,
p.Leu142Ser,Rv0173,lprK
p.Leu146fs,Rv0142,
p.Leu153Met,Rv1968,mce3C
p.Leu154Phe,Rv1443c,
p.Leu156Pro,Rv2043c,pncA
p.Leu158Met,Rv1461,
p.Leu160Pro,Rv1378c,
p.Leu169Met,Rv2508c,
p.Leu172Pro,Rv2043c,pncA
p.Leu177Arg,Rv2791c,
p.Leu17fs,Rv2902c,rnhB
p.Leu183Phe,Rv2095c,pafC
p.Leu1?,Rv3684,
p.Leu201fs,Rv3881c,espB
p.Leu201Pro,Rv1631,coaE
p.Leu205Pro,Rv3854c,ethA
p.Leu210Val,Rv0949,uvrD1
p.Leu212Pro,Rv1106c,
p.Leu214Trp,Rv0707,rpsC
p.Leu216Arg,Rv0628c,
p.Leu220Arg,Rv1376,
p.Leu220fs,Rv0650,
p.Leu232fs,Rv1151c,
p.Leu234Arg,Rv1280c,oppA
p.Leu239Val,Rv3761c,fadE36
p.Leu241Pro,Rv2679,echA15
p.Leu245Ile,Rv0913c,
p.Leu250Arg,Rv2264c,
p.Leu254Pro,Rv2485c,lipQ
p.Leu275Pro,Rv2000,
p.Leu279Pro,Rv1125,
p.Leu27fs,Rv2308,
p.Leu27Pro,Rv2308,
p.Leu282Phe,Rv0097,
p.Leu2894Pro,Rv2524c,fas
p.Leu293Val,Rv1057,
p.Leu294fs,Rv2780,ald
p.Leu299fs,Rv2173,idsA2
p.Leu29Arg,Rv2133c,
p.Leu310Gln,Rv3032,
p.Leu324Trp,Rv1771,
p.Leu327Arg,Rv1376,
p.Leu34Arg,Rv2566,
p.Leu355Pro,Rv1125,
p.Leu35Arg,Rv1401,
p.Leu362Pro,Rv3252c,alkB
p.Leu366fs,Rv0888,
p.Leu372Arg,Rv2981c,ddlA
p.Leu385Gln,Rv0576,
p.Leu396fs,Rv2339,mmpL9
p.Leu398Arg,Rv3239c,
p.Leu398Val,Rv2153c,murG
p.Leu3Pro,Rv0928,pstS3
p.Leu410Val,Rv2920c,amt
p.Leu415Ser,Rv1286,cysN
p.Leu418Pro,Rv0261c,narK3
p.Leu41Ser,Rv2254c,
p.Leu441Arg,Rv1028c,kdpD
p.Leu442Phe,Rv0127,mak
p.Leu447Pro,Rv1402,priA
p.Leu457fs,Rv3854c,ethA
p.Leu45Phe,Rv0029,
p.Leu460Pro,Rv3308,pmmB
p.Leu461Pro,Rv2997,
p.Leu462Pro,Rv1329c,dinG
p.Leu473Pro,Rv0083,
p.Leu487Val,Rv1620c,cydC
p.Leu50Ser,Rv0030,
p.Leu516Phe,Rv0938,ligD
p.Leu52Val,Rv1139c,
p.Leu551fs,Rv1819c,bacA
p.Leu572Phe,Rv0186,bglS
p.Leu57Arg,Rv1831,
p.Leu5Pro,Rv1880c,cyp140
p.Leu603Pro,Rv0584,
p.Leu627Phe,Rv1328,glgP
p.Leu639fs,Rv0931c,pknD
p.Leu63Arg,Rv1032c,trcS
p.Leu67Arg,Rv2363,amiA2
p.Leu67Phe,Rv1982c,vapC36
p.Leu689Pro,Rv1251c,
p.Leu6Gln,Rv2948c,fadD22
p.Leu72fs,Rv2475c,
p.Leu72Val,Rv0131c,fadE1
p.Leu74Arg,Rv3795,embB
p.Leu770Gln,Rv1650,pheT
p.Leu776Pro,Rv0890c,
p.Leu7Ile,Rv1148c,
p.Leu84Val,Rv3644c,
p.Leu85Val,Rv1483,fabG1
p.Leu864Trp,Rv2241,aceE
p.Leu887Met,Rv3646c,topA
p.Leu89Phe,Rv2775,
p.Leu94Pro,Rv2775,
p.Leu99Trp,Rv2344c,dgt
p.LeuAsp1002ArgGlu,Rv2062c,cobN
p.LeuGlyPro134PheGlyAla,Rv0811c,
p.Lys105Gln,Rv2397c,cysA1
p.Lys1152Gln,Rv0668,rpoC
p.Lys120_Gly123del,Rv2978c,
p.Lys140Glu,Rv0146,
p.Lys165Asn,Rv3795,embB
p.Lys181Thr,Rv2963,
p.Lys183Met,Rv0407,fgd1
p.Lys203Asn,Rv1938,ephB
p.Lys270Gln,Rv1189,sigI
p.Lys309fs,Rv3854c,ethA
p.Lys30fs,Rv0265c,
p.Lys31fs,Rv1694,tlyA
p.Lys337Asn,Rv0869c,moaA2
p.Lys48Arg,Rv0823c,
p.Lys48Glu,Rv2043c,pncA
p.Lys4Asn,Rv0637,hadC
p.Lys58fs,Rv2855,mtr
p.Lys5fs,Rv0441c,
p.Lys715Thr,Rv0668,rpoC
p.Lys78Glu,Rv2969c,
p.Lys84Glu,Rv3173c,
p.Met100Thr,Rv0235c,
p.Met1124Val,Rv1662,pks8
p.Met115Thr,Rv1900c,lipJ
p.Met116Val,Rv0316,
p.Met1209Ile,Rv3447c,eccC4
p.Met131Ile,Rv3465,rmlC
p.Met137Val,Rv0216,
p.Met1408Ile,Rv2048c,pks12
p.Met198Thr,Rv0376c,
p.Met1?,Rv1454c,qor
p.Met1?,Rv1893,
p.Met1?,Rv1937,
p.Met1?,Rv2274c,mazF8
p.Met1?,Rv3754,tyrA
p.Met1?,Rv3797,fadE35
p.Met204Val,Rv3854c,ethA
p.Met208Ile,Rv2607,pdxH
p.Met20Thr,Rv0146,
p.Met224Ile,Rv3401,
p.Met227Val,Rv3092c,
p.Met245Ile,Rv3712,
p.Met252fs,Rv0142,
p.Met258Arg,Rv2727c,miaA
p.Met268Leu,Rv0497,
p.Met281Thr,Rv1001,arcA
p.Met28Val,Rv3290c,lat
p.Met299Ile,Rv1212c,glgA
p.Met309Ile,Rv0987,
p.Met312Val,Rv1796,mycP5
p.Met32Thr,Rv0077c,
p.Met343Thr,Rv3423c,alr
p.Met484Ile,Rv0001,dnaA
p.Met491Thr,Rv0654,
p.Met50Ile,Rv2176,pknL
p.Met76Ile,Rv1456c,
p.Met85Arg,Rv1574,
p.Met89Arg,Rv2540c,aroF
p.Met99Arg,Rv3171c,hpx
p.MetArg101ArgGly,Rv2541,
p.MetAsp434ArgTyr,Rv0667,rpoB
p.MetAsp434IleTyr,Rv0667,rpoB
p.MetTyr266ArgHis,Rv0787,
p.Phe107Ile,Rv0212c,nadR
p.Phe10Leu,Rv1130,prpD
p.Phe117Ser,Rv1557,mmpL6
p.Phe125Leu,Rv0949,uvrD1
p.Phe127Leu,Rv1154c,
p.Phe1327Leu,Rv2476c,gdh
p.Phe132Leu,Rv0876c,
p.Phe13Leu,Rv2043c,pncA
p.Phe14Leu,Rv0013,trpG
p.Phe156Val,Rv2812,
p.Phe161Ser,Rv3886c,mycP2
p.Phe172Ser,Rv2003c,
p.Phe173Leu,Rv2498c,citE
p.Phe18Val,Rv1894c,
p.Phe209Leu,Rv1645c,
p.Phe210Val,Rv0167,yrbE1A
p.Phe236Leu,Rv3536c,hsaE
p.Phe239Leu,Rv0782,ptrBb
p.Phe246Ile,Rv1079,metB
p.Phe254Leu,Rv2984,ppk1
p.Phe25Val,Rv0587,yrbE2A
p.Phe272Val,Rv0500,proC
p.Phe2Val,Rv1359,
p.Phe30Val,Rv0171,mce1C
p.Phe311Leu,Rv0974c,accD2
p.Phe336Leu,Rv0785,
p.Phe338Val,Rv2425c,
p.Phe364Val,Rv0955,
p.Phe36Ser,Rv2508c,
p.Phe387Ser,Rv0227c,
p.Phe3Ser,Rv1155,
p.Phe403Leu,Rv2946c,pks1
p.Phe416Ser,Rv1320c,
p.Phe439Val,Rv2363,amiA2
p.Phe45Ser,Rv1161,narG
p.Phe515Ser,Rv3859c,gltB
p.Phe520Ser,Rv3663c,dppD
p.Phe636Leu,Rv2900c,fdhF
p.Phe64Cys,Rv0881,
p.Phe661Ser,Rv0058,dnaB
p.Phe6Val,Rv3894c,eccC2
p.Phe76Ser,Rv1254,
p.Phe79Leu,Rv2856,nicT
p.Phe83Ser,Rv2303c,
p.Phe83Val,Rv2948c,fadD22
p.Phe92Val,Rv0849,
p.Phe988Leu,Rv2967c,pca
p.PheLeu733LeuIle,Rv0584,
p.PheVal248ValLeu,Rv2953,
p.Pro100fs,Rv3705A,
p.Pro103Thr,Rv1928c,
p.Pro113Ala,Rv1224,tatB
p.Pro116Leu,Rv1446c,opcA
p.Pro11Leu,Rv1685c,
p.Pro129Ala,Rv1376,
p.Pro138Ala,Rv3649,
p.Pro146Leu,Rv1014c,pth
p.Pro153Leu,Rv1345,mbtM
p.Pro157Leu,Rv1304,atpB
p.Pro15Leu,Rv2337c,
p.Pro162Arg,Rv2161c,
p.Pro164Leu,Rv0457c,
p.Pro165Thr,Rv0004,
p.Pro172Leu,Rv3606c,folK
p.Pro174fs,Rv0904c,accD3
p.Pro185Ser,Rv0963c,
p.Pro193Ser,Rv3127,
p.Pro195Gln,Rv3413c,
p.Pro219Leu,Rv1550,fadD11
p.Pro21Arg,Rv0186,bglS
p.Pro220Leu,Rv3785,
p.Pro222Leu,Rv1062,
p.Pro224Leu,Rv2403c,lppR
p.Pro224Thr,Rv3130c,tgs1
p.Pro224Val,Rv2403c,lppR
p.Pro225Arg,Rv2567,
p.Pro231Leu,Rv0409,ackA
p.Pro237Ala,Rv3130c,tgs1
p.Pro23Arg,Rv3705A,
p.Pro241Ser,Rv3587c,
p.Pro246Ser,Rv2315c,
p.Pro255Arg,Rv1300,hemK
p.Pro25Ser,Rv2698,
p.Pro260Arg,Rv0509,hemA
p.Pro281Ala,Rv0015c,pknA
p.Pro283Arg,Rv0176,
p.Pro283Ser,Rv0168,yrbE1B
p.Pro288Ser,Rv3871,eccCb1
p.Pro289Leu,Rv0983,pepD
p.Pro29Leu,Rv0210,
p.Pro2Ser,Rv1320c,
p.Pro300Arg,Rv1663,pks17
p.Pro323Ala,Rv2374c,hrcA
p.Pro330Ala,Rv1551,plsB1
p.Pro345Arg,Rv3201c,
p.Pro349_Ala352del,Rv3822,
p.Pro34Ser,Rv1285,cysD
p.Pro355fs,Rv2888c,amiC
p.Pro374Leu,Rv3884c,eccA2
p.Pro374Thr,Rv3627c,
p.Pro37Leu,Rv2451,
p.Pro397Thr,Rv3795,embB
p.Pro398Arg,Rv2384,mbtA
p.Pro39Leu,Rv3331,sugI
p.Pro408Ala,Rv1723,
p.Pro416Leu,Rv2650c,
p.Pro429Leu,Rv3835,
p.Pro434Leu,Rv0668,rpoC
p.Pro43Leu,Rv0842,
p.Pro471Ser,Rv2947c,pks15
p.Pro477Leu,Rv2721c,
p.Pro492Thr,Rv0147,
p.Pro4Ser,Rv1985c,
p.Pro504Thr,Rv0064,
p.Pro516fs,Rv3886c,mycP2
p.Pro51Arg,Rv2157c,murF
p.Pro51His,Rv3854c,ethA
p.Pro53Ala,Rv0346c,ansP2
p.Pro548Ser,Rv0669c,
p.Pro54Gln,Rv2043c,pncA
p.Pro563His,Rv2934,ppsD
p.Pro564Leu,Rv1850,ureC
p.Pro588Arg,Rv1402,priA
p.Pro65Leu,Rv2827c,
p.Pro66Leu,Rv3898c,
p.Pro69Arg,Rv2043c,pncA
p.Pro6Arg,Rv0012,
p.Pro70Ser,Rv2378c,mbtG
p.Pro731Ala,Rv0032,bioF2
p.Pro73His,Rv0186,bglS
p.Pro743Gln,Rv3193c,
p.Pro76Ser,Rv0982,mprB
p.Pro78Leu,Rv2237,
p.Pro792Leu,Rv2379c,mbtF
p.Pro803Arg,Rv0206c,mmpL3
p.Pro867Leu,Rv0206c,mmpL3
p.Pro86Leu,Rv2413c,
p.Pro8Ser,Rv3265c,wbbL1
p.Pro93Leu,Rv3209,
p.Pro94Leu,Rv0005,gyrB
p.Pro9Ala,Rv3890c,esxC
p.Pro9Ser,Rv1388,mihF
p.ProVal118AlaGly,Rv0969,ctpV
p.Ser102Gln,Rv1417,
p.Ser106Ala,Rv3573c,fadE34
p.Ser110Gly,Rv0523c,
p.Ser111Gly,Rv3010c,pfkA
p.Ser112Pro,Rv2197c,
p.Ser118Pro,Rv1679,fadE16
p.Ser125Ala,Rv2552c,aroE
p.Ser126Phe,Rv0522,gabP
p.Ser128fs,Rv3080c,pknK
p.Ser12fs,Rv0658c,
p.Ser132fs,Rv1502,
p.Ser133Asn,Rv2270,lppN
p.Ser135Arg,Rv0499,
p.Ser137Cys,Rv3132c,devS
p.Ser142Leu,Rv3370c,dnaE2
p.Ser148Ala,Rv1045,
p.Ser148Ala,Rv2812,
p.Ser150Gly,Rv2447c,folC
p.Ser153*,Rv0486,mshA
p.Ser155Gly,Rv2468c,
p.Ser162Phe,Rv0579,
p.Ser164Pro,Rv2043c,pncA
p.Ser166fs,Rv2605c,tesB2
p.Ser170Thr,Rv3878,espJ
p.Ser173Ala,Rv3806c,ubiA
p.Ser18fs,Rv2043c,pncA
p.Ser196Arg,Rv1782,eccB5
p.Ser201Pro,Rv0291,mycP3
p.Ser2035Ala,Rv2933,ppsC
p.Ser210Asn,Rv2485c,lipQ
p.Ser217Tyr,Rv0044c,
p.Ser219fs,Rv3099c,
p.Ser224Pro,Rv0883c,
p.Ser227Pro,Rv1004c,
p.Ser22Leu,Rv3423c,alr
p.Ser231Ala,Rv1825,
p.Ser232Gly,Rv2827c,
p.Ser233Gly,Rv3311,
p.Ser234Ala,Rv2150c,ftsZ
p.Ser246Ala,Rv2913c,
p.Ser251fs,Rv3854c,ethA
p.Ser252fs,Rv1694,tlyA
p.Ser261Leu,Rv2485c,lipQ
p.Ser271Trp,Rv2317,uspB
p.Ser277fs,Rv1097c,
p.Ser283Pro,Rv1456c,
p.Ser285Asn,Rv0500,proC
p.Ser287Asn,Rv3199c,nudC
p.Ser296Ala,Rv1329c,dinG
p.Ser305Gly,Rv3121,cyp141
p.Ser30Phe,Rv3591c,
p.Ser311Phe,Rv0212c,nadR
p.Ser319Ala,Rv2508c,
p.Ser321Arg,Rv0614,
p.Ser349Ala,Rv2314c,
p.Ser34Ala,Rv2564,glnQ
p.Ser35Pro,Rv3098c,
p.Ser374Pro,Rv0136,cyp138
p.Ser40Arg,Rv1285,cysD
p.Ser423Ala,Rv1329c,dinG
p.Ser423Pro,Rv0171,mce1C
p.Ser425Ala,Rv0017c,rodA
p.Ser425Trp,Rv3080c,pknK
p.Ser442Leu,Rv0270,fadD2
p.Ser444Arg,Rv0897c,
p.Ser447Phe,Rv0005,gyrB
p.Ser450Phe,Rv0667,rpoB
p.Ser475Cys,Rv2973c,recG
p.Ser480Pro,Rv2287,yjcE
p.Ser52Arg,Rv0760c,
p.Ser557Thr,Rv2264c,
p.Ser570Ala,Rv2934,ppsD
p.Ser58Gly,Rv2607,pdxH
p.Ser62Ala,Rv3923c,rnpA
p.Ser647Arg,Rv2345,
p.Ser74fs,Rv3434c,
p.Ser74Ile,Rv1911c,lppC
p.Ser77Pro,Rv1141c,echA11
p.Ser78Phe,Rv1029,kdpA
p.Ser80Arg,Rv0511,hemD
p.Ser82Pro,Rv1254,
p.Ser87Ile,Rv2329c,narK1
p.Ser90Pro,Rv3545c,cyp125
p.Ser92Thr,Rv3848,
p.Ser93Pro,Rv3398c,idsA1
p.Ser95Gly,Rv1626,
p.Ser96Ala,Rv3498c,mce4B
p.SerVal645ProGly,Rv3014c,ligA
p.Ter123Argext*?,Rv2694c,
p.Ter165Serext*?,Rv1120c,
p.Thr100Ile,Rv2043c,pncA
p.Thr101Asn,Rv2916c,ffh
p.Thr103Pro,Rv1975,
p.Thr112Pro,Rv0314c,
p.Thr113Ile,Rv3248c,sahH
p.Thr116Ile,Rv2000,
p.Thr119Ala,Rv2250c,
p.Thr124Pro,Rv0157,pntB
p.Thr128Pro,Rv0271c,fadE6
p.Thr128Pro,Rv0377,
p.Thr128Pro,Rv1312,
p.Thr128Pro,Rv3731,ligC
p.Thr12Ala,Rv1245c,
p.Thr131Pro,Rv2942,mmpL7
p.Thr136Met,Rv1876,bfrA
p.Thr138Pro,Rv0610c,
p.Thr139Pro,Rv1417,
p.Thr13Pro,Rv0262c,aac
p.Thr143Lys,Rv3383c,idsB
p.Thr1449Pro,Rv2048c,pks12
p.Thr144Pro,Rv0235c,
p.Thr146Pro,Rv1860,apa
p.Thr149Pro,Rv2839c,infB
p.Thr150Ala,Rv0628c,
p.Thr1510Pro,Rv1662,pks8
p.Thr153Pro,Rv0432,sodC
p.Thr157Pro,Rv2138,lppL
p.Thr159Ala,Rv1668c,
p.Thr15Pro,Rv2153c,murG
p.Thr160Ala,Rv2043c,pncA
p.Thr163Pro,Rv0670,end
p.Thr165Pro,Rv1547,dnaE1
p.Thr166Ile,Rv0079,
p.Thr169fs,Rv2064,cobG
p.Thr16Met,Rv0572c,
p.Thr176Pro,Rv1157c,
p.Thr176Pro,Rv3088,tgs4
p.Thr177fs,Rv1204c,
p.Thr177Pro,Rv1274,lprB
p.Thr178Pro,Rv0840c,pip
p.Thr181Pro,Rv0036c,
p.Thr191Pro,Rv2983,
p.Thr191Pro,Rv3080c,pknK
p.Thr194Pro,Rv3189,
p.Thr200Ile,Rv0592,mce2D
p.Thr202Ile,Rv3490,otsA
p.Thr204Pro,Rv0291,mycP3
p.Thr205Lys,Rv3741c,
p.Thr2070Pro,Rv1661,pks7
p.Thr20Pro,Rv2507,
p.Thr215Ile,Rv2950c,fadD29
p.Thr215Pro,Rv2950c,fadD29
p.Thr219Ala,Rv0007,
p.Thr219Ala,Rv0132c,fgd2
p.Thr219Ile,Rv2624c,
p.Thr21Lys,Rv3530c,
p.Thr220Pro,Rv1647,
p.Thr236Pro,Rv2219,
p.Thr237Pro,Rv1722,
p.Thr238Met,Rv2902c,rnhB
p.Thr240fs,Rv2149c,yfiH
p.Thr244Ala,Rv2508c,
p.Thr247Ala,Rv0438c,moeA2
p.Thr247Pro,Rv2897c,
p.Thr247Pro,Rv3604c,
p.Thr248_Cys249delinsArg,Rv1668c,
p.Thr251Pro,Rv0393,
p.Thr256Ile,Rv0996,
p.Thr258dup,Rv2192c,trpD
p.Thr259Ala,Rv1295,thrC
p.Thr263Pro,Rv0428c,
p.Thr266Pro,Rv3879c,espK
p.Thr269Pro,Rv2727c,miaA
p.Thr26Ala,Rv2405,
p.Thr270Pro,Rv2943,
p.Thr271Pro,Rv0573c,pncB2
p.Thr272Met,Rv2041c,
p.Thr27Pro,Rv0116c,ldtA
p.Thr281Pro,Rv1069c,
p.Thr282fs,Rv2780,ald
p.Thr283Ile,Rv1407,fmu
p.Thr286Ile,Rv0015c,pknA
p.Thr28Pro,Rv0514,
p.Thr292Ala,Rv3262,fbiB
p.Thr294Pro,Rv2282c,
p.Thr294Pro,Rv2444c,rne
p.Thr295Pro,Rv3776,
p.Thr305Met,Rv0811c,
p.Thr30Pro,Rv2507,
p.Thr313Ile,Rv3921c,
p.Thr315Pro,Rv2592c,ruvB
p.Thr319Ala,Rv2682c,dxs1
p.Thr319Pro,Rv3879c,espK
p.Thr322Pro,Rv2404c,lepA
p.Thr32Pro,Rv2426c,
p.Thr32Pro,Rv2590,fadD9
p.Thr334Pro,Rv3060c,
p.Thr33Pro,Rv0029,
p.Thr342Pro,Rv1427c,fadD12
p.Thr342Pro,Rv3201c,
p.Thr345Ala,Rv3689,
p.Thr355Pro,Rv0449c,
p.Thr357Pro,Rv3776,
p.Thr35Pro,Rv1591,
p.Thr361Pro,Rv1427c,fadD12
p.Thr372Pro,Rv1266c,pknH
p.Thr381Pro,Rv3721c,dnaZX
p.Thr385Ala,Rv2434c,
p.Thr386Pro,Rv0171,mce1C
p.Thr38Pro,Rv1133c,metE
p.Thr392Ala,Rv2947c,pks15
p.Thr396Pro,Rv3909,
p.Thr398Pro,Rv0973c,accA2
p.Thr398Pro,Rv2251,
p.Thr3Pro,Rv0262c,aac
p.Thr403Ile,Rv0849,
p.Thr414Pro,Rv3450c,eccB4
p.Thr41Arg,Rv0490,senX3
p.Thr432Pro,Rv0485,
p.Thr441Pro,Rv0174,mce1F
p.Thr445Pro,Rv2812,
p.Thr44Pro,Rv3309c,upp
p.Thr45Pro,Rv2153c,murG
p.Thr473Pro,Rv2733c,
p.Thr47Pro,Rv2083,
p.Thr481Pro,Rv0538,
p.Thr49Ile,Rv2468A,
p.Thr49Pro,Rv0029,
p.Thr500Asn,Rv0005,gyrB
p.Thr506Pro,Rv2082,
p.Thr508Ala,Rv0425c,ctpH
p.Thr526Pro,Rv0194,
p.Thr53Ala,Rv1188,
p.Thr560Pro,Rv1821,secA2
p.Thr565Pro,Rv2082,
p.Thr566Pro,Rv0492c,
p.Thr58Ala,Rv3054c,
p.Thr5Pro,Rv1877,
p.Thr605Ala,Rv3825c,pks2
p.Thr61fs,Rv1639c,
p.Thr625Pro,Rv2082,
p.Thr631fs,Rv0405,pks6
p.Thr63fs,Rv2662,
p.Thr63Pro,Rv2673,aftC
p.Thr666fs,Rv3879c,espK
p.Thr66Ala,Rv0565c,
p.Thr68Pro,Rv0831c,
p.Thr69Ala,Rv0917,betP
p.Thr708Pro,Rv3729,
p.Thr727Pro,Rv2567,
p.Thr738fs,Rv0585c,
p.Thr759Pro,Rv0107c,ctpI
p.Thr76Ala,Rv1275,lprC
p.Thr77Asn,Rv2824c,
p.Thr792Pro,Rv0630c,recB
p.Thr79Ile,Rv0911,
p.Thr79Pro,Rv0847,lpqS
p.Thr80Pro,Rv1522c,mmpL12
p.Thr80Pro,Rv2155c,murD
p.Thr819Pro,Rv2092c,helY
p.Thr82Pro,Rv2218,lipA
p.Thr834Pro,Rv3240c,secA1
p.Thr83Pro,Rv2025c,
p.Thr843Pro,Rv0630c,recB
p.Thr84Ile,Rv2418c,
p.Thr852Pro,Rv2444c,rne
p.Thr87Ala,Rv3890c,esxC
p.Thr87Pro,Rv2540c,aroF
p.Thr88Pro,Rv2166c,
p.Thr89Pro,Rv3855,ethR
p.Thr90Pro,Rv2811,
p.Thr93Ala,Rv1703c,
p.Thr94Arg,Rv2415c,
p.Thr96Met,Rv0241c,htdX
p.Thr96Pro,Rv0426c,
p.Thr96Pro,Rv1295,thrC
p.Thr973Pro,Rv3910,
p.Thr97Ile,Rv0057,
p.Thr98Ala,Rv1147,
p.Thr9Pro,Rv1907c,
p.ThrArg272ProGly,Rv1324,
p.ThrGlyTrp153ProGlyGly,Rv1895,
p.ThrPro127ProArg,Rv3226c,
p.ThrTyr135ProSer,Rv1218c,
p.Trp104*,Rv2296,
p.Trp112Gly,Rv0880,
p.Trp112*,Rv1624c,
p.Trp124Gly,Rv0928,pstS3
p.Trp129Gly,Rv0196,
p.Trp146Gly,Rv0488,
p.Trp164*,Rv0725c,
p.Trp165Ser,Rv2059,
p.Trp180Gly,Rv0212c,nadR
p.Trp180Gly,Rv3239c,
p.Trp184*,Rv0044c,
p.Trp201Gly,Rv0212c,nadR
p.Trp256fs,Rv3854c,ethA
p.Trp26Leu,Rv1022,lpqU
p.Trp26Leu,Rv2026c,
p.Trp271*,Rv3083,
p.Trp347Gly,Rv1779c,
p.Trp3495Gly,Rv2048c,pks12
p.Trp353Gly,Rv3201c,
p.Trp363Ser,Rv0221,
p.Trp417Gly,Rv1777,cyp144
p.Trp41*,Rv1914c,
p.Trp436Cys,Rv0565c,
p.Trp43Gly,Rv1591,
p.Trp504Leu,Rv1469,ctpD
p.Trp505Cys,Rv2414c,
p.Trp56Arg,Rv0621,
p.Trp60Leu,Rv3748,
p.Trp61*,Rv3428c,
p.Trp678Gly,Rv1173,fbiC
p.Trp67Gly,Rv2218,lipA
p.Trp69Leu,Rv3686c,
p.Trp88Ser,Rv1319c,
p.Trp89Arg,Rv3647c,
p.Trp929Gly,Rv3795,embB
p.Trp93*,Rv1882c,
p.Tyr103Asp,Rv0744c,
p.Tyr110Asp,Rv1902c,nanT
p.Tyr110*,Rv2289,cdh
p.Tyr1212Cys,Rv2006,otsB1
p.Tyr12Asn,Rv2854,
p.Tyr12fs,Rv2829c,vapC22
p.Tyr1307Ser,Rv2946c,pks1
p.Tyr132Cys,Rv1412,ribC
p.Tyr132His,Rv0817c,
p.Tyr147fs,Rv2780,ald
p.Tyr147*,Rv3854c,ethA
p.Tyr149Cys,Rv2543,lppA
p.Tyr149Ser,Rv2629,
p.Tyr155*,Rv2280,
p.Tyr166Ser,Rv1981c,nrdF1
p.Tyr170Ser,Rv1981c,nrdF1
p.Tyr172*,Rv2655c,
p.Tyr199Asp,Rv0449c,
p.Tyr205His,Rv2905,lppW
p.Tyr206His,Rv3564,fadE33
p.Tyr20His,Rv0620,galK
p.Tyr211His,Rv0869c,moaA2
p.Tyr220Ser,Rv0587,yrbE2A
p.Tyr226Ser,Rv3515c,fadD19
p.Tyr273Asp,Rv2338c,moeW
p.Tyr28*,Rv3555c,
p.Tyr299Cys,Rv2334,cysK1
p.Tyr2*,Rv2574,
p.Tyr301fs,Rv3761c,fadE36
p.Tyr337His,Rv3883c,mycP1
p.Tyr349Phe,Rv0932c,pstS2
p.Tyr357Ser,Rv1968,mce3C
p.Tyr360Cys,Rv2655c,
p.Tyr365Ser,Rv0331,
p.Tyr36*,Rv2133c,
p.Tyr377His,Rv2565,
p.Tyr398Ser,Rv1971,mce3F
p.Tyr414His,Rv1726,
p.Tyr41*,Rv2043c,pncA
p.Tyr448Ser,Rv1013,pks16
p.Tyr451Ser,Rv1699,pyrG
p.Tyr479*,Rv0782,ptrBb
p.Tyr491Ser,Rv0147,
p.Tyr4Cys,Rv2182c,
p.Tyr523*,Rv2154c,ftsW
p.Tyr52Asp,Rv0866,moaE2
p.Tyr543Cys,Rv2946c,pks1
p.Tyr564His,Rv0667,rpoB
p.Tyr57Ser,Rv1233c,
p.Tyr593Asp,Rv2850c,
p.Tyr610Ser,Rv2984,ppk1
p.Tyr65His,Rv2156c,murX
p.Tyr732Ser,Rv3610c,ftsH
p.Tyr77Asp,Rv1861,
p.Tyr78Cys,Rv2836c,dinF
p.Tyr83His,Rv0690c,
p.Tyr97Asp,Rv0565c,
p.Tyr98Ser,Rv1233c,
p.TyrGlyArg133*,Rv2522c,
p.TyrThr11*,Rv3719,
p.Val100fs,Rv2081c,
p.Val102Gly,Rv2037c,
p.Val1031Ala,Rv0236c,aftD
p.Val1047Gly,Rv0630c,recB
p.Val104Gly,Rv1851,ureF
p.Val104Gly,Rv2850c,
p.Val104Leu,Rv0020c,fhaA
p.Val104Leu,Rv2535c,pepQ
p.Val105Ala,Rv0721,rpsE
p.Val108Gly,Rv2207,cobT
p.Val109fs,Rv2143,
p.Val10Gly,Rv1022,lpqU
p.Val10Gly,Rv2936,drrA
p.Val110Ile,Rv0728c,serA2
p.Val110Ile,Rv2011c,
p.Val1110Gly,Rv2524c,fas
p.Val111fs,Rv1355c,moeY
p.Val112Gly,Rv1647,
p.Val112Gly,Rv2280,
p.Val112Gly,Rv2829c,vapC22
p.Val113Gly,Rv2858c,aldC
p.Val114Gly,Rv3094c,
p.Val114Phe,Rv3666c,dppA
p.Val116Gly,Rv2832c,ugpC
p.Val116Ile,Rv3332,nagA
p.Val118Gly,Rv3421c,
p.Val11Gly,Rv0118c,oxcA
p.Val1239Gly,Rv2946c,pks1
p.Val123Ala,Rv0171,mce1C
p.Val1242Gly,Rv2946c,pks1
p.Val127Gly,Rv0971c,echA7
p.Val129Gly,Rv1647,
p.Val131fs,Rv2043c,pncA
p.Val131Gly,Rv0997,
p.Val131Met,Rv2997,
p.Val132Gly,Rv2090,
p.Val135Gly,Rv0686,
p.Val1367Gly,Rv2934,ppsD
p.Val136Leu,Rv0064,
p.Val139Leu,Rv1304,atpB
p.Val140Gly,Rv1171,
p.Val141Gly,Rv0614,
p.Val141Gly,Rv1492,mutA
p.Val141Gly,Rv3671c,
p.Val1431Gly,Rv1661,pks7
p.Val144Gly,Rv2090,
p.Val145Gly,Rv1605,hisF
p.Val145Gly,Rv2577,
p.Val1463Gly,Rv1662,pks8
p.Val146Gly,Rv0534c,menA
p.Val147Gly,Rv0436c,pssA
p.Val147Ile,Rv2637,dedA
p.Val150Gly,Rv1275,lprC
p.Val150Leu,Rv3200c,
p.Val151Met,Rv2374c,hrcA
p.Val152Gly,Rv2812,
p.Val155Gly,Rv0237,lpqI
p.Val155Gly,Rv1722,
p.Val155Gly,Rv2405,
p.Val155Gly,Rv2828c,
p.Val156Ala,Rv0271c,fadE6
p.Val159Gly,Rv1191,
p.Val160Gly,Rv1420,uvrC
p.Val160Leu,Rv1146,mmpL13b
p.Val161Ala,Rv3203,lipV
p.Val162_Thr164delinsSer,Rv1877,
p.Val165Gly,Rv1497,lipL
p.Val165Ile,Rv3152,nuoH
p.Val166Gly,Rv2783c,gpsI
p.Val166Gly,Rv3013,
p.Val166Leu,Rv2499c,
p.Val168Asp,Rv0671,lpqP
p.Val168Gly,Rv2191,
p.Val169Gly,Rv1423,whiA
p.Val172Gly,Rv1392,metK
p.Val172Gly,Rv2535c,pepQ
p.Val172Gly,Rv3395c,
p.Val173Ala,Rv0943c,
p.Val173Gly,Rv0776c,
p.Val176Gly,Rv1654,argB
p.Val177Gly,Rv2259,mscR
p.Val17Leu,Rv2085,
p.Val180Gly,Rv0234c,gabD1
p.Val180Gly,Rv1910c,
p.Val184Gly,Rv1647,
p.Val184Ile,Rv0265c,
p.Val185Gly,Rv3421c,
p.Val1885Gly,Rv2933,ppsC
p.Val188Ala,Rv3806c,ubiA
p.Val18Gly,Rv3307,deoD
p.Val192Ala,Rv0468,fadB2
p.Val193Gly,Rv2095c,pafC
p.Val196Gly,Rv2110c,prcB
p.Val196Gly,Rv2438c,nadE
p.Val197Gly,Rv2825c,
p.Val19Gly,Rv0401,
p.Val1?,Rv0362,mgtE
p.Val1?,Rv2742c,
p.Val200Gly,Rv0647c,
p.Val202Gly,Rv0058,dnaB
p.Val202Gly,Rv3495c,lprN
p.Val202Ile,Rv2447c,folC
p.Val206Gly,Rv2575,
p.Val210Gly,Rv1938,ephB
p.Val211Gly,Rv2983,
p.Val213Met,Rv0391,metZ
p.Val214Gly,Rv1186c,
p.Val216Gly,Rv3610c,ftsH
p.Val216Gly,Rv3720,
p.Val218Gly,Rv0428c,
p.Val221Ala,Rv1570,bioD
p.Val221Gly,Rv1075c,
p.Val221Gly,Rv1833c,
p.Val228Gly,Rv0428c,
p.Val230Leu,Rv1132,
p.Val232Gly,Rv0724,sppA
p.Val233Gly,Rv0803,purL
p.Val238Ala,Rv3594,
p.Val23Gly,Rv1834,lipZ
p.Val23Ile,Rv1355c,moeY
p.Val240Ala,Rv0237,lpqI
p.Val241Gly,Rv3042c,serB2
p.Val243Gly,Rv0955,
p.Val243Gly,Rv3693,
p.Val244Gly,Rv0896,gltA2
p.Val247Ala,Rv1462,
p.Val247Ala,Rv3649,
p.Val249Gly,Rv0436c,pssA
p.Val24Ala,Rv1533,
p.Val24Gly,Rv1497,lipL
p.Val250Asp,Rv3212,
p.Val251Ile,Rv0176,
p.Val251Leu,Rv3085,
p.Val253Gly,Rv0881,
p.Val256Gly,Rv0255c,cobQ1
p.Val256Gly,Rv3279c,birA
p.Val261Ala,Rv2112c,dop
p.Val261Ile,Rv1121,zwf1
p.Val264Gly,Rv1658,argG
p.Val279Gly,Rv1812c,
p.Val279Leu,Rv1180,pks3
p.Val279Met,Rv1204c,
p.Val27Ala,Rv0077c,
p.Val280Gly,Rv0500,proC
p.Val281Gly,Rv3104c,
p.Val282Gly,Rv1376,
p.Val28Ile,Rv2295,
p.Val28Leu,Rv3165c,
p.Val294Gly,Rv1538c,ansA
p.Val299Gly,Rv0729,xylB
p.Val299Gly,Rv2839c,infB
p.Val2Phe,Rv1853,ureD
p.Val301Gly,Rv3506,fadD17
p.Val301Met,Rv1360,
p.Val303Gly,Rv0517,
p.Val303Gly,Rv2677c,hemY
p.Val308Leu,Rv3382c,lytB1
p.Val30Ala,Rv0116c,ldtA
p.Val30Gly,Rv0536,galE3
p.Val310Gly,Rv3732,
p.Val311fs,Rv1508c,
p.Val312Gly,Rv1619,
p.Val313Phe,Rv2477c,
p.Val315Gly,Rv1621c,cydD
p.Val315Met,Rv2088,pknJ
p.Val316Asp,Rv2266,cyp124
p.Val317Met,Rv3903c,
p.Val318Gly,Rv0752c,fadE9
p.Val319Gly,Rv0227c,
p.Val31Gly,Rv0291,mycP3
p.Val321Met,Rv0584,
p.Val322Gly,Rv0958,
p.Val323Met,Rv1841c,
p.Val328Ala,Rv0385,
p.Val32Gly,Rv3540c,ltp2
p.Val334Gly,Rv1006,
p.Val343Gly,Rv0255c,cobQ1
p.Val353Gly,Rv1263,amiB2
p.Val356Gly,Rv2320c,rocE
p.Val368Gly,Rv2501c,accA1
p.Val36Gly,Rv0571c,
p.Val370Gly,Rv2394,ggtB
p.Val370Gly,Rv2501c,accA1
p.Val372Ala,Rv1672c,
p.Val374Gly,Rv3417c,groEL1
p.Val377Gly,Rv2739c,
p.Val37Ala,Rv2876,
p.Val381Gly,Rv0486,mshA
p.Val383Gly,Rv0234c,gabD1
p.Val387Gly,Rv0002,dnaN
p.Val389Gly,Rv1329c,dinG
p.Val38Gly,Rv1633,uvrB
p.Val392Gly,Rv1329c,dinG
p.Val3Ala,Rv3743c,ctpJ
p.Val3Ile,Rv3393,iunH
p.Val3Leu,Rv1898,
p.Val408Ala,Rv3882c,eccE1
p.Val41Gly,Rv0956,purN
p.Val425Gly,Rv0753c,mmsA
p.Val427Gly,Rv1683,
p.Val429Gly,Rv1290c,
p.Val443Gly,Rv0565c,
p.Val449Ile,Rv0171,mce1C
p.Val456fs,Rv2326c,
p.Val457Ala,Rv2690c,
p.Val457Gly,Rv0083,
p.Val45Phe,Rv0310c,
p.Val464Gly,Rv3411c,guaB2
p.Val470Gly,Rv3698,
p.Val479Gly,Rv0083,
p.Val47Gly,Rv1022,lpqU
p.Val47Gly,Rv1644,tsnR
p.Val47Gly,Rv2694c,
p.Val485Met,Rv3303c,lpdA
p.Val490Gly,Rv0198c,zmp1
p.Val492Gly,Rv1187,rocA
p.Val493Gly,Rv0969,ctpV
p.Val498Gly,Rv2158c,murE
p.Val499Gly,Rv2797c,
p.Val4Gly,Rv3606c,folK
p.Val50fs,Rv1388,mihF
p.Val528Gly,Rv3014c,ligA
p.Val52Ala,Rv3060c,
p.Val53Gly,Rv0480c,
p.Val54Gly,Rv2426c,
p.Val55Gly,Rv2345,
p.Val55Gly,Rv3748,
p.Val560Leu,Rv0629c,recD
p.Val565Gly,Rv3729,
p.Val56Gly,Rv3821,
p.Val571Ile,Rv3077,
p.Val577Ala,Rv3014c,ligA
p.Val57Ala,Rv0616A,vapB29
p.Val581Gly,Rv0648,
p.Val58Gly,Rv0346c,ansP2
p.Val58Gly,Rv0921,
p.Val590Gly,Rv0648,
p.Val608Gly,Rv1326c,glgB
p.Val60Gly,Rv0650,
p.Val64del,Rv2395,
p.Val679Gly,Rv3296,lhr
p.Val67Gly,Rv0131c,fadE1
p.Val67Gly,Rv0243,fadA2
p.Val688Gly,Rv1662,pks8
p.Val699Gly,Rv2380c,mbtE
p.Val69Ala,Rv1106c,
p.Val70Gly,Rv0082,
p.Val720Met,Rv0032,bioF2
p.Val740Ile,Rv3870,eccCa1
p.Val743Gly,Rv3202c,
p.Val74Gly,Rv1005c,pabB
p.Val759Ala,Rv1937,
p.Val76Phe,Rv2690c,
p.Val76Phe,Rv3630,
p.Val800Ala,Rv0667,rpoB
p.Val80Gly,Rv0718,rpsH
p.Val80Gly,Rv1730c,
p.Val80Gly,Rv2811,
p.Val82Ala,Rv0115,hddA
p.Val842fs,Rv0194,
p.Val844Gly,Rv1328,glgP
p.Val84Gly,Rv2894c,xerC
p.Val84Gly,Rv3828c,
p.Val85Gly,Rv0921,
p.Val85Gly,Rv2946c,pks1
p.Val869Gly,Rv1661,pks7
p.Val86Gly,Rv0953c,
p.Val86Gly,Rv3446c,
p.Val87Gly,Rv1300,hemK
p.Val881Gly,Rv2567,
p.Val88Gly,Rv1213,glgC
p.Val8Gly,Rv0067c,
p.Val91Gly,Rv3189,
p.Val931Gly,Rv3370c,dnaE2
p.Val941Gly,Rv2946c,pks1
p.Val94Gly,Rv1306,atpF
p.Val94Gly,Rv1943c,mazE5
p.Val94Met,Rv0526,
p.Val95_Gly106del,Rv2081c,
p.Val964Gly,Rv2524c,fas
p.Val96Gly,Rv2003c,
p.Val97Gly,Rv0849,
p.ValIle105IleSer,Rv3833,
p.ValSer108AlaPro,Rv2839c,infB
p.ValSer113GlyAla,Rv0612,
p.ValThr375GlySer,Rv0218,
p.ValVal108GlyGly,Rv0465c,
,Rv0810c,
