1019978,ins,C,CA,CA:19 C:0
1019978,ins,C,CA,CA:20 C:0
1021776,snp,A,G,G:20 A:0
1023883,snp,G,A,A:20 G:0
1025337,snp,C,T,T:20 C:0,tRNA,-,,,non_coding_transcript_variant  ,,argT,tRNA-Arg
103744,complex,AGGAATCGTTCGG,CGTAGCAGCTTCTCGT,CGTAGCAGCTTCTCGT:10 AGGAATCGTTCGG:0,repeat_region,-,920/954,303/317,missense_variant&conservative_inframe_insertion c.908_920delCCGAACGATTCCTinsACGAGAAGCTGCTACG p.Pro303_Leu307delinsHisGluLysLeuLeuArg
103744,complex,AGGAATCGTTCGG,CGTAGCAGCTTCTCGT,CGTAGCAGCTTCTCGT:12 AGGAATCGTTCGG:0,repeat_region,-,920/954,303/317,missense_variant&conservative_inframe_insertion c.908_920delCCGAACGATTCCTinsACGAGAAGCTGCTACG p.Pro303_Leu307delinsHisGluLysLeuLeuArg
1041129,snp,C,T,T:20 C:0
1050522,snp,G,A,A:20 G:0
1061676,del,GTGC,G,G:18 GTGC:0
1061676,del,GTGC,G,G:19 GTGC:0
1061676,del,GTGC,G,G:20 GTGC:0
1067529,snp,C,T,T:20 C:0
1093322,snp,C,T,T:17 C:0
1093322,snp,C,T,T:19 C:0
11190,snp,G,C,C:20 G:0
1128074,snp,A,G,G:20 A:0
1159161,del,GCCCA,G,G:18 GCCCA:0,mobile_element,-,146/390,48/129,frameshift_variant c.143_146delTGGG p.Val48fs
1159161,del,GCCCA,G,G:19 GCCCA:0,mobile_element,-,146/390,48/129,frameshift_variant c.143_146delTGGG p.Val48fs
1159161,del,GCCCA,G,G:20 GCCCA:0,mobile_element,-,146/390,48/129,frameshift_variant c.143_146delTGGG p.Val48fs
1159162,snp,C,G,G:20 C:0,mobile_element,-,146/390,49/129,missense_variant c.146G>C p.Gly49Ala
11617,snp,C,T,T:20 C:0
1163404,snp,C,G,G:20 C:0
1163710,snp,C,T,T:20 C:0
1163845,snp,C,T,T:20 C:0
1164010,snp,C,T,T:20 C:0
1176893,snp,A,G,G:20 A:0
1176926,snp,C,T,T:20 C:0
1179069,snp,G,A,A:20 G:0
1180593,ins,C,CG,CG:20 C:0
1190472,snp,C,T,T:20 C:0
1205269,snp,C,T,T:20 C:0
1205849,snp,A,G,G:20 A:0
1220460,snp,A,C,C:20 A:0,ncRNA,-,,,non_coding_transcript_variant  ,,MTS0858,Putative small regulatory RNA
1221929,snp,A,G,G:20 A:0
122205,snp,T,C,C:20 T:0
122215,snp,A,G,G:20 A:0
1240936,snp,C,G,G:20 C:0
124298,snp,T,C,C:20 T:0
1251955,snp,C,T,T:20 C:0,repeat_region,+,1018/1356,340/451,missense_variant c.1018G>A p.Ala340Thr
1252053,del,AG,A,A:18 AG:0,repeat_region,+,919/1356,307/451,frameshift_variant c.919delC p.Leu307fs
1252053,del,AG,A,A:19 AG:0,repeat_region,+,919/1356,307/451,frameshift_variant c.919delC p.Leu307fs
1252053,del,AG,A,A:20 AG:0,repeat_region,+,919/1356,307/451,frameshift_variant c.919delC p.Leu307fs
1253073,snp,G,C,C:20 G:0
1262190,snp,T,C,C:20 T:0
1264980,del,TCGC,T,T:18 TCGC:0
1267253,snp,G,A,A:10 G:0
1272010,snp,C,T,T:20 C:0
1272170,snp,C,T,T:20 C:0
1272321,snp,C,A,A:20 C:0
1276046,snp,G,T,T:20 G:0
1276232,snp,C,A,A:20 C:0
1338700,snp,A,G,G:20 A:0
1357249,ins,A,AC,AC:18 A:0
1371567,snp,G,T,T:20 G:0
137273,snp,G,C,C:20 G:0
139850,snp,T,A,A:20 T:0
1399286,snp,A,C,C:20 A:0
1409474,snp,G,T,T:20 G:0
1413129,del,CG,C,C:18 CG:0,ncRNA,-,,,non_coding_transcript_variant  ,,mcr11,Putative small regulatory RNA
1413129,del,CG,C,C:19 CG:0,ncRNA,-,,,non_coding_transcript_variant  ,,mcr11,Putative small regulatory RNA
1425360,snp,T,G,G:20 T:0
1442733,snp,C,T,T:20 C:0
1446005,snp,T,C,C:20 T:0
1453183,snp,C,A,A:20 C:0
1467683,snp,C,T,T:20 C:0
1472337,snp,C,T,T:20 C:0,rRNA,+,,,non_coding_transcript_variant  ,,rrs,Ribosomal RNA 16S
1472358,snp,C,T,T:20 C:0,rRNA,+,,,non_coding_transcript_variant  ,,rrs,Ribosomal RNA 16S
1472359,snp,A,C,C:20 A:0,rRNA,+,,,non_coding_transcript_variant  ,,rrs,Ribosomal RNA 16S
1472359,snp,A,T,T:20 A:0,rRNA,+,,,non_coding_transcript_variant  ,,rrs,Ribosomal RNA 16S
1472362,snp,C,T,T:20 C:0,rRNA,+,,,non_coding_transcript_variant  ,,rrs,Ribosomal RNA 16S
1472723,snp,G,A,A:20 G:0,rRNA,+,,,non_coding_transcript_variant  ,,rrs,Ribosomal RNA 16S
1472751,snp,A,G,G:20 A:0,rRNA,+,,,non_coding_transcript_variant  ,,rrs,Ribosomal RNA 16S
1472920,ins,G,GT,GT:20 G:0,rRNA,+,,,non_coding_transcript_variant  ,,rrs,Ribosomal RNA 16S
1473246,snp,A,G,G:20 A:0,rRNA,+,,,non_coding_transcript_variant  ,,rrs,Ribosomal RNA 16S
1476056,snp,G,A,A:20 G:0,rRNA,+,,,non_coding_transcript_variant  ,,rrl,Ribosomal RNA 23S
1488120,snp,T,G,G:20 T:0
149323,snp,C,T,T:20 C:0
1526328,snp,A,C,C:20 A:0
1526410,snp,C,T,T:20 C:0
1540976,snp,C,T,T:20 C:0
154217,snp,G,A,A:20 G:0,repeat_region,+,,,intergenic_region n.154217G>A 
1593347,snp,C,T,T:20 C:0
1606248,snp,T,G,G:20 T:0
1619757,del,CTAGCTGCT,C,C:18 CTAGCTGCT:0
1637187,del,GCCCCGCCGGTCCCGCCAA,G,G:10 GCCCCGCCGGTCCCGCCAA:0,repeat_region,-,1042/2226,342/741,disruptive_inframe_deletion c.1025_1042delTTGGCGGGACCGGCGGGG p.Val342_Gly347del
1637187,del,GCCCCGCCGGTCCCGCCAA,G,G:11 GCCCCGCCGGTCCCGCCAA:0,repeat_region,-,1042/2226,342/741,disruptive_inframe_deletion c.1025_1042delTTGGCGGGACCGGCGGGG p.Val342_Gly347del
1637187,del,GCCCCGCCGGTCCCGCCAA,G,G:9 GCCCCGCCGGTCCCGCCAA:0,repeat_region,-,1042/2226,342/741,disruptive_inframe_deletion c.1025_1042delTTGGCGGGACCGGCGGGG p.Val342_Gly347del
1637196,complex,GTCCCGCCAACCCCACCGG,ATACCGCCGT,ATACCGCCGT:10 GTCCCGCCAACCCCACCGG:0,repeat_region,-,1034/2226,339/741,missense_variant&disruptive_inframe_deletion c.1016_1034delCCGGTGGGGTTGGCGGGACinsACGGCGGTAT p.Ala339_Thr345delinsAspGlyGlyIle
1638235,complex,TCCA,ACCT,ACCT:11 TCCA:0,repeat_region,-,,,intergenic_region n.1638235_1638238delTCCAinsACCT 
1638364,snp,C,T,T:19 C:0,repeat_region,-,,,intergenic_region n.1638364C>T 
1655546,snp,T,G,G:20 T:0
1662331,snp,G,T,T:20 G:0
168694,snp,G,T,T:20 G:0
1690027,snp,A,G,G:20 A:0
1692824,snp,A,G,G:20 A:0
1696671,del,CA,C,C:19 CA:0
1696671,del,CA,C,C:20 CA:0
1697896,snp,C,T,T:20 C:0
1701215,snp,C,T,T:20 C:0
1701,snp,T,C,C:20 T:0
170263,snp,G,A,A:20 G:0
172185,snp,A,G,G:20 A:0
1728603,snp,C,T,T:20 C:0
1731293,snp,C,G,G:20 C:0
1731338,snp,T,C,C:20 T:0
1735785,snp,A,G,G:20 A:0
1735920,snp,C,G,G:20 C:0
1742,snp,G,A,A:20 G:0
1753483,snp,T,C,C:20 T:0
1757376,del,TC,T,T:18 TC:0
1757376,del,TC,T,T:19 TC:0
177065,del,ATGAGGGTGTAGGGCGG,A,A:17 ATGAGGGTGTAGGGCGG:0
1774712,snp,C,T,T:20 C:0
1775312,snp,A,C,C:20 A:0
1790063,snp,C,T,T:20 C:0
1814868,snp,T,C,C:20 T:0
1821,snp,G,T,T:20 G:0
1833410,snp,G,A,A:20 G:0
1842280,snp,C,T,T:20 C:0
1855572,ins,G,GA,GA:20 G:0
1862335,snp,A,G,G:20 A:0
1918,snp,C,T,T:20 C:0
1927734,snp,A,G,G:20 A:0,repeat_region,+,842/1365,281/454,missense_variant c.842T>C p.Leu281Pro
1927918,snp,C,A,A:20 C:0,repeat_region,+,658/1365,220/454,missense_variant c.658G>T p.Ala220Ser
1928544,snp,G,C,C:20 G:0,repeat_region,+,32/1365,11/454,missense_variant c.32C>G p.Ala11Gly
1928573,snp,C,T,T:20 C:0,repeat_region,+,3/1365,1/454,initiator_codon_variant c.3G>A p.Met1?
1934661,snp,G,C,C:20 G:0
1934788,snp,A,C,C:20 A:0
1941724,snp,A,C,C:20 A:0
1947833,snp,C,A,A:20 C:0
1951800,snp,T,G,G:20 T:0
1965600,snp,G,A,A:20 G:0
1981056,snp,C,T,T:20 C:0
1984819,snp,G,T,T:20 G:0
2024728,snp,T,C,C:20 T:0
2030342,complex,GCAA,CAG,CAG:16 GCAA:0
2038913,snp,T,G,G:20 T:0
2041559,del,GC,G,G:20 GC:0
2044884,snp,C,A,A:20 C:0
2046955,snp,A,C,C:20 A:0
2049645,snp,C,G,G:20 C:0
2049666,snp,T,G,G:20 T:0
2049772,ins,A,ACC,ACC:18 A:0
2049772,ins,A,ACC,ACC:19 A:0
2049772,ins,A,ACC,ACC:20 A:0
2053411,snp,G,C,C:20 G:0
2056377,snp,G,T,T:20 G:0
2059529,snp,C,T,T:20 C:0,repeat_region,+,,,intergenic_region n.2059529C>T 
2062735,snp,T,C,C:20 T:0
2072409,snp,A,C,C:20 A:0
2074458,snp,G,A,A:10 G:0
2074509,snp,C,G,G:20 C:0
2074565,snp,C,G,G:20 C:0
2074754,snp,C,T,T:15 C:0
2092155,snp,T,C,C:20 T:0
2108838,snp,C,T,T:20 C:0
2123168,complex,TT,AG,AG:19 TT:0
2123168,complex,TT,AG,AG:20 TT:0
2124911,snp,T,C,C:20 T:0
2132334,snp,C,T,T:20 C:0
2139052,snp,C,T,T:20 C:0
2142105,snp,A,C,C:20 A:0
2142352,snp,T,C,C:20 T:0
2147653,snp,C,T,T:20 C:0
2156117,snp,T,C,C:20 T:0
2170981,snp,T,C,C:20 T:0
2187363,snp,T,C,C:20 T:0
2197148,snp,C,A,A:10 C:0,repeat_region,+,1160/1365,387/454,missense_variant c.1160C>A p.Thr387Asn,Rv1945
2198515,snp,C,A,A:20 C:0
2205550,snp,A,G,G:20 A:0
2207253,snp,A,C,C:20 A:0
2207525,snp,C,T,T:20 C:0
2232577,snp,C,G,G:20 C:0
2232700,snp,A,G,G:20 A:0
2238917,del,AT,A,A:20 AT:0
2240152,snp,G,A,A:20 G:0
2243744,snp,T,G,G:20 T:0
2260094,snp,T,C,C:20 T:0
2260339,snp,G,T,T:20 G:0
2270546,snp,G,A,A:20 G:0
2281116,snp,C,T,T:20 C:0
2307050,snp,G,A,A:20 G:0
2307681,del,GT,G,G:20 GT:0
2322545,snp,T,G,G:20 T:0
2332906,snp,G,C,C:20 G:0
2386283,snp,G,A,A:20 G:0
2393711,snp,G,T,T:20 G:0
2395291,snp,A,C,C:20 A:0
2404133,snp,C,T,T:20 C:0
243312,snp,C,A,A:20 C:0
2434771,snp,G,T,T:20 G:0
2453383,snp,A,G,G:20 A:0
2458431,snp,A,G,G:20 A:0,repeat_region,+,40/1290,14/429,missense_variant c.40A>G p.Thr14Ala,Rv2195,qcrA
2463094,snp,G,A,A:20 G:0
2468058,snp,C,T,T:20 C:0
2468180,snp,G,A,A:20 G:0
2517129,snp,A,G,G:20 A:0,ncRNA,-,343/909,115/302,missense_variant c.343A>G p.Thr115Ala,,mcr16,Putative small regulatory RNA
2523223,snp,C,T,T:20 C:0,repeat_region,+,,,intergenic_region n.2523223C>T 
2531911,snp,C,G,G:11 C:0,repeat_region,-,,,intergenic_region n.2531911C>G 
2562548,snp,G,A,A:20 G:0
2572063,snp,G,C,C:20 G:0
2575350,snp,T,G,G:20 T:0
2578830,snp,A,G,G:20 A:0
2579048,snp,A,C,C:20 A:0
2581689,snp,A,C,C:20 A:0
2584866,snp,G,C,C:20 G:0
2584903,snp,C,T,T:20 C:0
2603515,snp,A,G,G:20 A:0
2610705,snp,A,T,T:20 A:0
2614232,snp,C,A,A:20 C:0
2614422,del,TG,T,T:19 TG:0
2617633,complex,C,TT,TT:18 C:0
2617633,complex,C,TT,TT:19 C:0
2617633,complex,C,TT,TT:20 C:0
2623778,snp,G,A,A:20 G:0
2632739,snp,G,A,A:20 G:0
2634282,snp,T,G,G:18 T:0
2636929,ins,T,TCATCCGCCCCGAATTAATCTCCGGCGG,TCATCCGCCCCGAATTAATCTCCGGCGG:10 T:0,repeat_region,-,,,intergenic_region n.2636929_2636930insCATCCGCCCCGAATTAATCTCCGGCGG 
2637162,snp,C,T,T:16 C:0
2637162,snp,C,T,T:17 C:0
2637162,snp,C,T,T:18 C:0
2637162,snp,C,T,T:19 C:0
2637162,snp,C,T,T:20 C:0
2637373,snp,T,C,C:20 T:0
2656193,snp,T,C,C:20 T:0
2680193,snp,G,A,A:20 G:0
2684464,snp,G,A,A:20 G:0
268628,snp,C,T,T:20 C:0
26882,snp,A,C,C:20 A:0
2692134,snp,T,C,C:20 T:0
2703902,ins,C,CG,CG:10 C:0
2703902,ins,C,CG,CG:11 C:0
2703902,ins,C,CG,CG:12 C:0
2703902,ins,C,CG,CG:13 C:0
2703902,ins,C,CG,CG:18 C:0
2703902,ins,C,CG,CG:19 C:0
2715342,snp,C,T,T:20 C:0
2715346,snp,G,A,A:20 G:0
2726139,snp,C,T,T:20 C:0
2726142,snp,G,A,A:20 G:0
2726145,snp,G,A,A:20 G:0
2732939,snp,G,A,A:20 G:0
2733166,snp,G,A,A:20 G:0
2740380,snp,C,A,A:20 C:0
27455,snp,T,C,C:20 T:0
2765565,snp,C,T,T:20 C:0,tRNA,+,,,non_coding_transcript_variant  ,,glyV,tRNA-Gly
277813,snp,C,T,T:20 C:0
2786530,snp,C,T,T:20 C:0
2794344,del,TG,T,T:19 TG:0
2794344,del,TG,T,T:20 TG:0
2822393,snp,C,A,A:20 C:0
2828050,snp,A,C,C:20 A:0
2835576,snp,G,A,A:20 G:0
2878550,snp,G,A,A:20 G:0
2879954,snp,C,T,T:20 C:0
2881128,snp,G,A,A:20 G:0
2881358,snp,C,A,A:20 C:0
2881382,snp,C,T,T:20 C:0
2882272,snp,G,C,C:20 G:0,ncRNA,+,,,non_coding_transcript_variant  ,,mpr12,Fragment of putative small regulatory RNA
2884480,snp,G,C,C:20 G:0
2884548,snp,G,T,T:20 G:0
293704,del,CT,C,C:18 CT:0,ncRNA,+,,,non_coding_transcript_variant  ,,F6,Putative small regulatory RNA
293704,del,CT,C,C:20 CT:0,ncRNA,+,,,non_coding_transcript_variant  ,,F6,Putative small regulatory RNA
2945838,snp,G,A,A:20 G:0
2955571,snp,A,G,G:20 A:0
295716,del,GTCAAAATATA,G,G:18 GTCAAAATATA:0
295723,snp,T,G,G:20 T:0
295726,snp,A,G,G:20 A:0
295731,snp,T,C,C:18 T:0
295731,snp,T,C,C:20 T:0
295917,snp,C,T,T:20 C:0
2965359,snp,G,T,T:20 G:0
2966445,snp,C,T,T:20 C:0
2968452,snp,G,A,A:20 G:0
2968913,snp,T,C,C:20 T:0
2969308,snp,A,C,C:20 A:0
2969692,snp,G,C,C:20 G:0
2973736,snp,T,C,C:20 T:0
2976568,snp,C,A,A:20 C:0
2980922,snp,A,C,C:20 A:0
2987641,snp,C,A,A:20 C:0
3011834,snp,C,T,T:20 C:0
3015054,del,GC,G,G:19 GC:0
302142,snp,T,G,G:20 T:0
3023479,ins,A,AGCGGCGGGCATACCGCTGCGGTGGG,AGCGGCGGGCATACCGCTGCGGTGGG:10 A:0
3023479,ins,A,AGCGGCGGGCATACCGCTGCGGTGGG,AGCGGCGGGCATACCGCTGCGGTGGG:11 A:0
3023479,ins,A,AGCGGCGGGCATACCGCTGCGGTGGG,AGCGGCGGGCATACCGCTGCGGTGGG:12 A:0
302660,snp,T,C,C:20 T:0
302691,snp,C,A,A:20 C:0
3067954,snp,C,T,T:20 C:0
3067961,snp,G,A,A:20 G:0
3073679,snp,C,A,A:20 C:0
3079112,snp,G,A,A:20 G:0
3079190,snp,C,A,A:20 C:0
3081599,snp,G,A,A:20 G:0
3102353,snp,T,C,C:20 T:0
3115397,snp,C,A,A:20 C:0
3119276,snp,T,G,G:20 T:0,repeat_region,-,,,intergenic_region n.3119276T>G 
3119453,snp,A,C,C:20 A:0,repeat_region,-,,,intergenic_region n.3119453A>C 
3119626,del,GGTTTCCGTCCCCTCTCGGGGTTTTGGGTCTGACGACAGGGCACTGGACCTGTATGAGGCACAGATGGCGTACTA,G,G:10 GGTTTCCGTCCCCTCTCGGGGTTTTGGGTCTGACGACAGGGCACTGGACCTGTATGAGGCACAGATGGCGTACTA:0,repeat_region,-,,,intergenic_region n.3119627_3119700delGTTTCCGTCCCCTCTCGGGGTTTTGGGTCTGACGACAGGGCACTGGACCTGTATGAGGCACAGATGGCGTACTA 
3132784,snp,G,A,A:20 G:0
3135606,snp,A,G,G:18 A:0
3135606,snp,A,G,G:19 A:0
3135606,snp,A,G,G:20 A:0
3135606,snp,A,G,G:21 A:0
314180,snp,T,G,G:20 T:0
3150049,snp,G,T,T:20 G:0
3160562,snp,T,C,C:20 T:0,repeat_region,-,,,intergenic_region n.3160562T>C 
3174692,del,AC,A,A:18 AC:0
3174692,del,AC,A,A:20 AC:0
3177361,snp,G,A,A:20 G:0
3178445,snp,C,G,G:20 C:0
3187987,snp,C,T,T:20 C:0
3200063,snp,C,G,G:20 C:0
3200073,snp,T,C,C:20 T:0
3208522,snp,G,A,A:20 G:0
3214392,snp,A,G,G:20 A:0
3215622,del,CG,C,C:18 CG:0
3219263,snp,T,C,C:20 T:0
3230682,snp,T,C,C:20 T:0
3243470,snp,T,C,C:20 T:0
3243630,snp,G,A,A:20 G:0
3290535,snp,T,C,C:20 T:0
3302485,snp,G,A,A:20 G:0
3302980,snp,T,C,C:20 T:0
3310427,snp,T,C,C:20 T:0
3317657,snp,G,A,A:20 G:0
3318244,snp,C,T,T:20 C:0
3319629,snp,A,G,G:20 A:0,repeat_region,-,,,intergenic_region n.3319629A>G 
33207,ins,G,GGC,GGC:19 G:0
3336620,del,TA,T,T:14 TA:1
3336620,del,TA,T,T:15 TA:1
3336646,snp,T,A,A:18 T:0
3346121,snp,A,T,T:20 A:0
3356688,snp,T,G,G:20 T:0
3364677,snp,G,A,A:20 G:0
3372541,snp,G,A,A:20 G:0
3378419,snp,G,C,C:20 G:0
3381228,snp,G,A,A:20 G:0
3389025,snp,T,C,C:20 T:0
3395089,snp,A,C,C:20 A:0
3411154,snp,A,G,G:20 A:0
3415051,snp,G,C,C:19 G:0
3415051,snp,G,C,C:20 G:0
342061,snp,G,C,C:20 G:0
3430358,ins,C,CATGTACAA,CATGTACAA:16 C:0
3430358,ins,C,CATGTACAA,CATGTACAA:16 C:1
3430358,ins,C,CATGTACAA,CATGTACAA:17 C:0
3430358,ins,C,CATGTACAA,CATGTACAA:17 C:1
3430358,ins,C,CATGTACAA,CATGTACAA:18 C:0
3435695,del,GCACCTCGA,G,G:18 GCACCTCGA:0
3482717,snp,A,G,G:12 A:0,repeat_region,-,,,intergenic_region n.3482717A>G 
3482717,snp,A,G,G:13 A:0,repeat_region,-,,,intergenic_region n.3482717A>G 
3487716,snp,G,T,T:20 G:0
3490438,snp,C,G,G:20 C:0
3511368,snp,G,T,T:20 G:0
3547078,snp,C,T,T:20 C:0
3547142,snp,T,G,G:20 T:0
3548984,snp,T,C,C:18 T:0
3549089,snp,G,T,T:20 G:0
3557244,snp,C,G,G:20 C:0
3558749,snp,G,T,T:20 G:0
3560117,del,TGAGCAGACGCAGAAGTCCCCGATTTCCGGTGAAATCGGCGACTTCTGCGTCTGCTCGCCGC,T,T:10 TGAGCAGACGCAGAAGTCCCCGATTTCCGGTGAAATCGGCGACTTCTGCGTCTGCTCGCCGC:0
3568759,snp,T,G,G:20 T:0
3568795,snp,T,C,C:20 T:0
3580571,snp,G,T,T:20 G:0
3580634,complex,CACT,TAC,TAC:19 CACT:0
3581314,snp,C,T,T:20 C:0
3594237,snp,G,A,A:18 G:0
3594237,snp,G,A,A:20 G:0
3595483,ins,A,ACTGGCAGCGTAGT,ACTGGCAGCGTAGT:14 A:0
3595483,ins,A,ACTGGCAGCGTAGT,ACTGGCAGCGTAGT:15 A:0
3595483,ins,A,ACTGGCAGCGTAGT,ACTGGCAGCGTAGT:16 A:0
3595598,snp,A,C,C:20 A:0
3597879,snp,T,C,C:20 T:0
3607084,snp,C,T,T:20 C:0
3628148,snp,G,C,C:20 G:0
3643094,snp,T,A,A:20 T:0
3650189,snp,A,G,G:20 A:0
3722601,snp,G,C,C:20 G:0
3742991,ins,A,AG,AG:18 A:0
3742991,ins,A,AG,AG:19 A:0
3754508,snp,G,C,C:17 G:0,mobile_element,-,526/741,176/246,missense_variant c.526C>G p.Leu176Val,Rv3349c
3754508,snp,G,C,C:18 G:0,mobile_element,-,526/741,176/246,missense_variant c.526C>G p.Leu176Val,Rv3349c
3754508,snp,G,C,C:19 G:0,mobile_element,-,526/741,176/246,missense_variant c.526C>G p.Leu176Val,Rv3349c
3770768,snp,G,T,T:20 G:0
3794884,snp,G,A,A:14 G:0
3794884,snp,G,A,A:15 G:0
3794884,snp,G,A,A:16 G:0
3798732,snp,G,C,C:20 G:0
3798742,snp,T,G,G:20 T:0
3798755,snp,T,A,A:20 T:0
3798796,snp,G,T,T:20 G:0
3798804,snp,G,T,T:20 G:0
3799035,snp,C,G,G:20 C:0
3799041,snp,A,G,G:20 A:0
3799050,snp,C,G,G:20 C:0
3799057,snp,A,T,T:20 A:0
3799067,snp,C,G,G:20 C:0
3811672,complex,GTAA,TTAG,TTAG:18 GTAA:0
3811672,complex,GTAA,TTAG,TTAG:20 GTAA:0
3831558,snp,C,G,G:20 C:0
3843791,snp,G,A,A:20 G:0
3844625,snp,G,A,A:20 G:0,mobile_element,-,16/756,6/251,missense_variant c.16C>T p.Pro6Ser
3845986,snp,C,T,T:20 C:0
3847684,snp,G,A,A:20 G:0,mobile_element,-,520/537,174/178,missense_variant c.520G>A p.Gly174Arg
3848540,complex,ACCA,CCCC,CCCC:19 ACCA:0,mobile_element,-,266/1164,88/387,missense_variant c.263_266delTGGTinsGGGG p.ValVal88GlyGly
3850197,snp,G,A,A:20 G:0
385158,snp,G,A,A:20 G:0
3862931,snp,G,A,A:20 G:0
3874191,snp,T,C,C:20 T:0
3874206,snp,G,A,A:20 G:0
3874302,snp,G,A,A:20 G:0
3876881,snp,A,G,G:20 A:0
3894015,snp,C,T,T:20 C:0
3894032,snp,T,A,A:20 T:0
3895691,snp,C,G,G:20 C:0
3895727,snp,C,A,A:21 C:0
3901186,snp,C,A,A:20 C:0
3901234,snp,A,G,G:20 A:0
3902910,snp,G,C,C:20 G:0
39030,snp,C,T,T:10 C:0
3907255,snp,C,G,G:20 C:0
3907535,snp,A,C,C:20 A:0
3909820,complex,CCCTGGA,AGCGGG,AGCGGG:18 CCCTGGA:0
3936761,snp,A,G,G:20 A:0
3950922,snp,A,G,G:10 A:0,repeat_region,-,1549/1647,517/548,missense_variant c.1549T>C p.Ser517Pro,Rv3515c,fadD19
396120,del,CA,C,C:20 CA:0
3964463,del,AG,A,A:19 AG:0
3964463,del,AG,A,A:20 AG:0
3969134,snp,A,C,C:20 A:0
3969183,snp,G,A,A:20 G:0
3987370,del,CG,C,C:18 CG:0
4016353,snp,T,G,G:20 T:0
4019121,snp,T,C,C:20 T:0
4029791,snp,A,C,C:20 A:0
4033252,snp,G,A,A:20 G:0
4035715,snp,C,T,T:20 C:0
4038125,snp,T,G,G:20 T:0
4040719,snp,T,C,C:20 T:0
4040976,snp,A,C,C:20 A:0
4047653,snp,C,T,T:20 C:0
4054741,snp,C,T,T:20 C:0
4056430,snp,T,C,C:20 T:0
4056759,snp,T,G,G:20 T:0
4057146,snp,C,T,T:20 C:0
4071606,snp,G,T,T:20 G:0
4075422,snp,T,C,C:20 T:0
4079852,snp,A,C,C:20 A:0
4080979,snp,A,G,G:20 A:0
4081496,complex,GCCCA,CCCCC,CCCCC:20 GCCCA:0
4093080,snp,A,C,C:20 A:0
4094559,snp,A,G,G:18 A:0
4099344,snp,T,C,C:20 T:0
4107517,snp,G,A,A:20 G:0
4121112,snp,C,A,A:12 C:0
4121112,snp,C,A,A:16 C:0
4121112,snp,C,A,A:17 C:0
4121112,snp,C,A,A:18 C:0
4121112,snp,C,A,A:20 C:0
4121566,snp,T,G,G:20 T:0
4124349,del,GCC,G,G:19 GCC:0
41257,snp,A,G,G:20 A:0
4162297,snp,C,T,T:20 C:0
4174816,snp,C,T,T:20 C:0
4190584,del,AC,A,A:19 AC:0
4190584,del,AC,A,A:20 AC:0
4193344,snp,G,T,T:20 G:0
4195843,snp,A,C,C:20 A:0
4196637,snp,G,A,A:20 G:0
4214456,snp,C,G,G:20 C:0
4215793,snp,A,C,C:20 A:0
4216783,snp,A,C,C:20 A:0
4221070,del,AC,A,A:18 AC:0
4221070,del,AC,A,A:20 AC:0
4243190,snp,G,C,C:20 G:0
4243217,snp,C,A,A:20 C:0
4243217,snp,C,G,G:20 C:0
4243221,complex,CC,AA,AA:19 CC:0
4243222,snp,C,T,T:20 C:0
4243225,snp,C,T,T:20 C:0
4264381,ins,G,GC,GC:18 G:0
4264381,ins,G,GC,GC:19 G:0
4266668,snp,C,T,T:20 C:0
4266937,snp,C,T,T:20 C:0
4274791,snp,C,T,T:20 C:0
4278269,snp,A,G,G:20 A:0
4285955,snp,G,A,A:20 G:0
4288212,snp,C,T,T:20 C:0
4291611,snp,T,C,C:20 T:0
4318113,snp,G,A,A:20 G:0
4318188,snp,G,A,A:18 G:0
4319652,snp,G,A,A:20 G:0
4319985,snp,G,C,C:11 G:0
4320050,snp,A,G,G:20 A:0
4323354,ins,C,CG,CG:18 C:0
4325029,snp,T,C,C:20 T:0
4327480,snp,A,G,G:20 A:0
4327484,snp,T,C,C:20 T:0
4336090,ins,A,AT,AT:18 A:0
4336090,ins,A,AT,AT:19 A:0
4336090,ins,A,AT,AT:20 A:0
4338537,snp,A,G,G:20 A:0
4338563,snp,C,A,A:20 C:0
4338794,snp,T,C,C:20 T:0
43388,snp,C,T,T:20 C:0
4350639,snp,A,G,G:20 A:0
43510,snp,G,A,A:20 G:0
4376098,snp,G,A,A:20 G:0
4384127,snp,A,G,G:20 A:0
4386896,snp,G,A,A:20 G:0
4386971,snp,C,T,T:20 C:0
4387212,snp,C,T,T:20 C:0
439772,snp,T,C,C:20 T:0
4408899,snp,G,A,A:20 G:0
455390,snp,C,A,A:20 C:0
47317,snp,A,G,G:20 A:0
47343,snp,G,A,A:20 G:0
542980,snp,A,C,C:20 A:0
558885,snp,A,C,C:20 A:0
561776,complex,CC,TT,TT:18 CC:0
561776,complex,CC,TT,TT:20 CC:0
573811,snp,T,C,C:20 T:0
663436,snp,C,T,T:20 C:0
664929,snp,C,A,A:20 C:0
68551,snp,A,G,G:20 A:0
695560,snp,C,T,T:20 C:0
699840,snp,A,C,C:12 A:0
699840,snp,A,C,C:13 A:0
701336,snp,C,T,T:20 C:0,repeat_region,-,,,intergenic_region n.701336C>T 
703926,snp,T,G,G:20 T:0,repeat_region,-,97/228,33/75,missense_variant c.97T>G p.Tyr33Asp
709433,snp,C,T,T:20 C:0,repeat_region,-,83/2568,28/855,missense_variant c.83G>A p.Arg28Gln
714158,del,GT,G,G:18 GT:0
714158,del,GT,G,G:19 GT:0
714158,del,GT,G,G:20 GT:0
736279,snp,A,T,T:20 A:0
739262,snp,C,T,T:20 C:0
752802,snp,A,C,C:20 A:0
754584,snp,G,A,A:20 G:0
754600,snp,G,A,A:20 G:0
754682,snp,C,T,T:20 C:0
759608,snp,C,T,T:20 C:0
767366,snp,C,T,T:20 C:0
767480,snp,C,G,G:20 C:0
767670,snp,T,C,C:20 T:0
769663,snp,T,G,G:20 T:0
778979,snp,C,A,A:20 C:0
781365,snp,T,C,C:20 T:0
781406,ins,G,GC,GC:19 G:0
784778,snp,A,G,G:20 A:0
789561,snp,A,T,T:20 A:0
80510,snp,A,C,C:20 A:0,repeat_region,+,,,intergenic_region n.80510A>C 
806172,snp,A,G,G:20 A:0
809840,ins,G,GC,GC:20 G:0
819782,snp,G,C,C:20 G:0
819831,snp,C,T,T:20 C:0
842011,complex,G,TC,TC:13 G:0
842030,snp,C,T,T:12 C:0
842030,snp,C,T,T:13 C:0
850225,snp,C,G,G:20 C:0
85610,snp,A,G,G:20 A:0
86470,snp,T,G,G:20 T:0
879326,del,CG,C,C:19 CG:0
879326,del,CG,C,C:20 CG:0
887062,snp,A,C,C:20 A:0
888647,snp,C,T,T:20 C:0
888992,del,AACCTCAACACCCCCTCAAGTGAAGGAGG,A,A:11 AACCTCAACACCCCCTCAAGTGAAGGAGG:0
888992,del,AACCTCAACACCCCCTCAAGTGAAGGAGG,A,A:12 AACCTCAACACCCCCTCAAGTGAAGGAGG:0
923739,snp,T,C,C:20 T:0
924800,snp,G,A,A:20 G:0
930814,del,CCCGCTTGG,C,C:18 CCCGCTTGG:0
937545,snp,C,T,T:20 C:0
942479,snp,T,C,C:20 T:0
955011,snp,A,G,G:20 A:0
955045,snp,C,T,T:20 C:0
96899,snp,G,T,T:20 G:0
986563,snp,C,T,T:20 C:0
988729,snp,T,C,C:20 T:0
p.Ala100Ser,Rv2484c,
p.Ala101Thr,Rv0848,cysK2
p.Ala1024Asp,Rv2946c,pks1
p.Ala1042Glu,Rv3823c,mmpL8
p.Ala105Thr,Rv0209,
p.Ala105Val,Rv2885c,
p.Ala105Val,Rv3041c,
p.Ala107Asp,Rv3196,
p.Ala109Thr,Rv1962c,vapC35
p.Ala10Gly,Rv3752c,
p.Ala115Thr,Rv3770c,
p.Ala1166Asp,Rv0194,
p.Ala116Pro,Rv2998,
p.Ala116Ser,Rv3124,moaR1
p.Ala118Thr,Rv1615,
p.Ala118Thr,Rv1691,
p.Ala118Thr,Rv2970c,lipN
p.Ala119Thr,Rv1292,argS
p.Ala119Thr,Rv3919c,gid
p.Ala120Val,Rv1591,
p.Ala122Val,Rv3743c,ctpJ
p.Ala125Thr,Rv3881c,espB
p.Ala127Thr,Rv1252c,lprE
p.Ala128fs,Rv3434c,
p.Ala128Val,Rv3410c,guaB3
p.Ala1294Thr,Rv2380c,mbtE
p.Ala129Thr,Rv2219,
p.Ala129Thr,Rv3664c,dppC
p.Ala12Val,Rv0830,
p.Ala1304Val,Rv0107c,ctpI
p.Ala135Ser,Rv0404,fadD30
p.Ala137Ser,Rv3673c,
p.Ala137Thr,Rv2037c,
p.Ala138Val,Rv3919c,gid
p.Ala140Thr,Rv0691c,
p.Ala141Pro,Rv3435c,
p.Ala142Thr,Rv3172c,
p.Ala144fs,Rv0077c,
p.Ala144Gly,Rv3825c,pks2
p.Ala147Thr,Rv2716,
p.Ala148Ser,Rv0149,
p.Ala148Thr,Rv0808,purF
p.Ala14Gly,Rv2852c,mqo
p.Ala151Val,Rv2543,lppA
p.Ala153Val,Rv2886c,
p.Ala153Val,Rv3421c,
p.Ala156Ser,Rv2268c,cyp128
p.Ala158Gly,Rv1557,mmpL6
p.Ala158Pro,Rv3828c,
p.Ala15Thr,Rv2332,mez
p.Ala15Thr,Rv2838c,rbfA
p.Ala161Thr,Rv1569,bioF1
p.Ala162Val,Rv2465c,rpiB
p.Ala163Thr,Rv1825,
p.Ala164Pro,Rv3146,nuoB
p.Ala164Thr,Rv1108c,xseA
p.Ala1664Val,Rv1661,pks7
p.Ala166Val,Rv0996,
p.Ala16Gly,Rv3136A,
p.Ala16Thr,Rv0168,yrbE1B
p.Ala170Gly,Rv0970,
p.Ala171Gly,Rv1569,bioF1
p.Ala173Ser,Rv2190c,
p.Ala176Thr,Rv3731,ligC
p.Ala179Ser,Rv0226c,
p.Ala17Thr,Rv3838c,pheA
p.Ala180Gly,Rv3205c,
p.Ala180Thr,Rv3571,kshB
p.Ala182Gly,Rv0989c,grcC2
p.Ala185Gly,Rv3896c,
p.Ala187Gly,Rv3770c,
p.Ala18Val,Rv3656c,
p.Ala190Glu,Rv0165c,mce1R
p.Ala1915Ser,Rv1527c,pks5
p.Ala194Val,Rv0681,
p.Ala196Pro,Rv3535c,hsaG
p.Ala196Val,Rv1933c,fadE18
p.Ala196Val,Rv2229c,
p.Ala198Gly,Rv3051c,nrdE
p.Ala203fs,Rv0434,
p.Ala203Pro,Rv3726,
p.Ala205Gly,Rv2417c,
p.Ala206Val,Rv0604,lpqO
p.Ala207Val,Rv0444c,rskA
p.Ala209Val,Rv3132c,devS
p.Ala209Val,Rv3415c,
p.Ala20Val,Rv0025,
p.Ala212Val,Rv0803,purL
p.Ala216Glu,Rv3088,tgs4
p.Ala220Glu,Rv2696c,
p.Ala220Gly,Rv1112,
p.Ala225Val,Rv3446c,
p.Ala227Val,Rv0194,
p.Ala229Thr,Rv3523,ltp3
p.Ala22Val,Rv2520c,
p.Ala231Thr,Rv3704c,gshA
p.Ala232Val,Rv2372c,
p.Ala236Pro,Rv2398c,cysW
p.Ala23del,Rv2867c,
p.Ala244Ser,Rv2702,ppgK
p.Ala246Thr,Rv2028c,
p.Ala248Pro,Rv2027c,dosT
p.Ala248Ser,Rv0405,pks6
p.Ala249Glu,Rv3062,ligB
p.Ala249Thr,Rv3806c,ubiA
p.Ala24Val,Rv1722,
p.Ala24Val,Rv1944c,
p.Ala250Val,Rv0103c,ctpB
p.Ala250Val,Rv2320c,rocE
p.Ala253fs,Rv0648,
p.Ala253Ser,Rv0118c,oxcA
p.Ala258Thr,Rv3157,nuoM
p.Ala25Gly,Rv2528c,mrr
p.Ala25Pro,Rv3851,
p.Ala260Val,Rv1368,lprF
p.Ala263Val,Rv3689,
p.Ala265Pro,Rv0244c,fadE5
p.Ala265Pro,Rv3793,embC
p.Ala265Thr,Rv1006,
p.Ala266Thr,Rv3365c,
p.Ala267Pro,Rv1562c,treZ
p.Ala271Ser,Rv1600,hisC1
p.Ala271Ser,Rv3909,
p.Ala272Glu,Rv1423,whiA
p.Ala272Thr,Rv2787,
p.Ala274Thr,Rv1063c,
p.Ala279Thr,Rv0377,
p.Ala279Thr,Rv1527c,pks5
p.Ala27Ser,Rv1268c,
p.Ala27Val,Rv3903c,
p.Ala282Ser,Rv0955,
p.Ala282Val,Rv3703c,
p.Ala28Val,Rv2922c,smc
p.Ala290Thr,Rv3087,
p.Ala291Glu,Rv2538c,aroB
p.Ala291Val,Rv1557,mmpL6
p.Ala293Val,Rv2485c,lipQ
p.Ala293Val,Rv3896c,
p.Ala296_Pro297del,Rv3879c,espK
p.Ala296Thr,Rv1375,
p.Ala296Val,Rv3692,moxR2
p.Ala2Glu,Rv2297,
p.Ala301Val,Rv2158c,murE
p.Ala302Val,Rv1011,ispE
p.Ala306Thr,Rv1194c,
p.Ala307Val,Rv0614,
p.Ala309Val,Rv0311,
p.Ala311Thr,Rv2896c,
p.Ala314Val,Rv0035,fadD34
p.Ala317Gly,Rv3616c,espA
p.Ala31Thr,Rv1270c,lprA
p.Ala31_Val32insIleArgPheAlaValValAlaAla,Rv3289c,
p.Ala31Val,Rv2799,
p.Ala322Thr,Rv1364c,
p.Ala322Thr,Rv3365c,
p.Ala322Val,Rv0086,hycQ
p.Ala323Thr,Rv3371,
p.Ala325Thr,Rv2994,
p.Ala326Thr,Rv0236c,aftD
p.Ala326Thr,Rv0794c,
p.Ala334fs,Rv3520c,
p.Ala334Thr,Rv0392c,ndhA
p.Ala336Asp,Rv2467,pepN
p.Ala339Val,Rv0147,
p.Ala34Glu,Rv3852,hns
p.Ala34Gly,Rv3070,
p.Ala355Ser,Rv2922c,smc
p.Ala35Val,Rv0891c,
p.Ala360Val,Rv3198c,uvrD2
p.Ala362Ser,Rv3158,nuoN
p.Ala364Gly,Rv3480c,
p.Ala365Pro,Rv1477,ripA
p.Ala365Val,Rv2992c,gltS
p.Ala370Thr,Rv3236c,
p.Ala371Thr,Rv0457c,
p.Ala372Val,Rv0987,
p.Ala374Thr,Rv3272,
p.Ala376Thr,Rv1029,kdpA
p.Ala381Pro,Rv3854c,ethA
p.Ala386Ser,Rv3871,eccCb1
p.Ala38Thr,Rv3217c,
p.Ala390Val,Rv1850,ureC
p.Ala3936Thr,Rv2048c,pks12
p.Ala393Pro,Rv3496c,mce4D
p.Ala394Ser,Rv3894c,eccC2
p.Ala395Gly,Rv0758,phoR
p.Ala396Ser,Rv3448,eccD4
p.Ala39Thr,Rv0222,echA1
p.Ala3Val,Rv1598c,
p.Ala3Val,Rv2633c,
p.Ala406Thr,Rv1634,
p.Ala4080Val,Rv2048c,pks12
p.Ala408Glu,Rv2246,kasB
p.Ala409Pro,Rv3795,embB
p.Ala40Ile,Rv1811,mgtC
p.Ala412Val,Rv0800,pepC
p.Ala417Gly,Rv2027c,dosT
p.Ala420Val,Rv2447c,folC
p.Ala427Leu,Rv1204c,
p.Ala428Thr,Rv0339c,
p.Ala429Thr,Rv2052c,
p.Ala42Thr,Rv2865,relF
p.Ala431Thr,Rv0897c,
p.Ala434Val,Rv0440,groEL2
p.Ala439Thr,Rv2721c,
p.Ala43Ser,Rv2326c,
p.Ala440Val,Rv1007c,metS
p.Ala440Val,Rv2860c,glnA4
p.Ala445Val,Rv1937,
p.Ala44Val,Rv1831,
p.Ala45Gly,Rv2561,
p.Ala465Glu,Rv0107c,ctpI
p.Ala46Val,Rv2923c,
p.Ala476Thr,Rv0066c,icd2
p.Ala47Glu,Rv1740,vapB34
p.Ala47Thr,Rv2169c,
p.Ala481Ser,Rv1290c,
p.Ala485Ser,Rv3198c,uvrD2
p.Ala485Val,Rv0035,fadD34
p.Ala497Val,Rv0214,fadD4
p.Ala499Val,Rv1736c,narX
p.Ala515Asp,Rv1028c,kdpD
p.Ala54Thr,Rv0923c,
p.Ala54Thr,Rv2136c,
p.Ala54Val,Rv1767,
p.Ala558Ser,Rv3649,
p.Ala55fs,Rv2334,cysK1
p.Ala562Thr,Rv0032,bioF2
p.Ala562Val,Rv0969,ctpV
p.Ala58Thr,Rv3175,
p.Ala59Val,Rv1431,
p.Ala59Val,Rv1530,adh
p.Ala5Glu,Rv2652c,
p.Ala60Gly,Rv0444c,rskA
p.Ala619Thr,Rv3682,ponA2
p.Ala624Val,Rv0107c,ctpI
p.Ala624Val,Rv1364c,
p.Ala62Ser,Rv3146,nuoB
p.Ala63Ser,Rv3323c,moaX
p.Ala66Ser,Rv0085,hycP
p.Ala66_Val68del,Rv0590,mce2B
p.Ala672Val,Rv1997,ctpF
p.Ala673Val,Rv3193c,
p.Ala70Gly,Rv1766,
p.Ala711Val,Rv0284,eccC3
p.Ala718Gly,Rv2748c,ftsK
p.Ala71Val,Rv2171,lppM
p.Ala71Val,Rv2497c,bkdA
p.Ala74Glu,Rv0188,
p.Ala74Ser,Rv3375,amiD
p.Ala75Gly,Rv2264c,
p.Ala75Val,Rv1599,hisD
p.Ala76Ser,Rv3771c,
p.Ala76Val,Rv0373c,
p.Ala76Val,Rv2060,
p.Ala774Ser,Rv3793,embC
p.Ala77fs,Rv1176c,
p.Ala77Phe,Rv2230c,
p.Ala77Ser,Rv2230c,
p.Ala77Val,Rv1619,
p.Ala794Ser,Rv1997,ctpF
p.Ala79Asp,Rv0654,
p.Ala79Glu,Rv3307,deoD
p.Ala7Thr,Rv0229c,
p.Ala80Pro,Rv3919c,gid
p.Ala813Gly,Rv3794,embA
p.Ala81fs,Rv0469,umaA
p.Ala852Thr,Rv0101,nrp
p.Ala85Ser,Rv3560c,fadE30
p.Ala85Val,Rv1830,
p.Ala86del,Rv2703,sigA
p.Ala86fs,Rv3445c,esxU
p.Ala86Val,Rv1939,
p.Ala86Val,Rv3509c,ilvX
p.Ala87Val,Rv0482,murB
p.Ala88Thr,Rv2219,
p.Ala88Thr,Rv3227,aroA
p.Ala916Thr,Rv2931,ppsA
p.Ala92Ser,Rv3685c,cyp137
p.Ala92Thr,Rv0131c,fadE1
p.Ala930Val,Rv3910,
p.Ala937Glu,Rv3795,embB
p.Ala93fs,Rv0672,fadE8
p.Ala93Val,Rv2319c,
p.Ala94Pro,Rv0393,
p.Ala94Ser,Rv0113,gmhA
p.Ala95Thr,Rv3855,ethR
p.Ala95Val,Rv2718c,nrdR
p.Ala962Thr,Rv2946c,pks1
p.Ala96fs,Rv0342,iniA
p.Ala999Asp,Rv3447c,eccC4
p.Ala99Thr,Rv2464c,
p.Ala9Thr,Rv2857c,
p.AlaArg34GluLys,Rv3852,hns
p.AlaGln222GlyPro,Rv1418,lprH
p.Arg1000His,Rv1161,narG
p.Arg100Ser,Rv0992c,
p.Arg102Gln,Rv3848,
p.Arg103Gly,Rv3173c,
p.Arg104Ser,Rv1307,atpH
p.Arg105Gly,Rv0036c,
p.Arg10Leu,Rv0404,fadD30
p.Arg110Thr,Rv1315,murA
p.Arg1153Gly,Rv2524c,fas
p.Arg118fs,Rv3919c,gid
p.Arg1190Ser,Rv0425c,ctpH
p.Arg120Gly,Rv1736c,narX
p.Arg124Trp,Rv0726c,
p.Arg126fs,Rv1964,yrbE3A
p.Arg128Leu,Rv1028c,kdpD
p.Arg129Trp,Rv3069,
p.Arg1305Gly,Rv2946c,pks1
p.Arg133Leu,Rv2438c,nadE
p.Arg133Trp,Rv2554c,
p.Arg13Ser,Rv3233c,
p.Arg140Leu,Rv1988,erm(37)
p.Arg143Cys,Rv0235c,
p.Arg143Ser,Rv1986,
p.Arg148Trp,Rv3242c,
p.Arg149Trp,Rv1069c,
p.Arg151His,Rv3695,
p.Arg154Cys,Rv0242c,fabG4
p.Arg154Gly,Rv2043c,pncA
p.Arg155Ser,Rv2791c,
p.Arg1587His,Rv2524c,fas
p.Arg15Trp,Rv2985,mutT1
p.Arg166Cys,Rv2075c,
p.Arg166Pro,Rv0874c,
p.Arg168Tyr,Rv3214,gpm2
p.Arg174Pro,Rv0380c,
p.Arg178Cys,Rv1641,infC
p.Arg180Gly,Rv3895c,eccB2
p.Arg185His,Rv2942,mmpL7
p.Arg188Gly,Rv2795c,
p.Arg191Cys,Rv2161c,
p.Arg192Trp,Rv3719,
p.Arg210Gly,Rv2417c,
p.Arg213Leu,Rv2835c,ugpA
p.Arg214fs,Rv2624c,
p.Arg218Leu,Rv1900c,lipJ
p.Arg219fs,Rv2675c,
p.Arg21Cys,Rv2470,glbO
p.Arg21Pro,Rv1870c,
p.Arg220His,Rv0327c,cyp135A1
p.Arg220Trp,Rv2687c,
p.Arg222Pro,Rv2251,
p.Arg224His,Rv1278,
p.Arg225Gly,Rv3693,
p.Arg226Trp,Rv1629,polA
p.Arg229Cys,Rv0497,
p.Arg231Cys,Rv1859,modC
p.Arg233Gln,Rv0001,dnaA
p.Arg238Gln,Rv3164c,moxR3
p.Arg238Gly,Rv0917,betP
p.Arg240Leu,Rv0064,
p.Arg247Trp,Rv0881,
p.Arg249Cys,Rv1515c,
p.Arg252Cys,Rv0897c,
p.Arg255Gln,Rv3464,rmlB
p.Arg256Leu,Rv2605c,tesB2
p.Arg258His,Rv3777,
p.Arg259Cys,Rv3030,
p.Arg260Cys,Rv2230c,
p.Arg262Gln,Rv3589,mutY
p.Arg262Gly,Rv2936,drrA
p.Arg268His,Rv1854c,ndh
p.Arg278His,Rv3138,pflA
p.Arg279His,Rv0507,mmpL2
p.Arg279Trp,Rv2115c,mpa
p.Arg27His,Rv1053c,
p.Arg27Trp,Rv1733c,
p.Arg283Pro,Rv1459c,
p.Arg286Cys,Rv0855,far
p.Arg288Gln,Rv0858c,dapC
p.Arg2Cys,Rv0976c,
p.Arg304His,Rv0946c,pgi
p.Arg308Gly,Rv0808,purF
p.Arg312His,Rv1069c,
p.Arg314Gln,Rv0465c,
p.Arg314His,Rv3063,cstA
p.Arg314Thr,Rv3719,
p.Arg314Trp,Rv1281c,oppD
p.Arg317Gln,Rv0958,
p.Arg326Leu,Rv1032c,trcS
p.Arg32Cys,Rv2916c,ffh
p.Arg334Gly,Rv2832c,ugpC
p.Arg33Cys,Rv0204c,
p.Arg33Cys,Rv3308,pmmB
p.Arg33Cys,Rv3387,
p.Arg340Gln,Rv3340,metC
p.Arg343Gln,Rv1383,carA
p.Arg34Gln,Rv1023,eno
p.Arg360Gln,Rv3068c,pgmA
p.Arg360His,Rv1633,uvrB
p.Arg364Gly,Rv2000,
p.Arg366del,Rv3447c,eccC4
p.Arg369Lys,Rv2752c,
p.Arg370fs,Rv1375,
p.Arg371Leu,Rv3081,
p.Arg374Gly,Rv2850c,
p.Arg37Leu,Rv1316c,ogt
p.Arg380Pro,Rv0610c,
p.Arg389Trp,Rv1319c,
p.Arg38His,Rv1549,fadD11.1
p.Arg38Leu,Rv1443c,
p.Arg391Gly,Rv1524,
p.Arg391His,Rv2684,arsA
p.Arg39fs,Rv3919c,gid
p.Arg39His,Rv0945,
p.Arg39Trp,Rv2593c,ruvA
p.Arg3Gly,Rv2746c,pgsA3
p.Arg403Gly,Rv0041,leuS
p.Arg409Gln,Rv1979c,
p.Arg409Ser,Rv3537,kstD
p.Arg40fs,Rv0121c,
p.Arg40Pro,Rv0669c,
p.Arg417Leu,Rv2196,qcrB
p.Arg419Cys,Rv2800,
p.Arg41Leu,Rv0187,
p.Arg420Gln,Rv0118c,oxcA
p.Arg421Leu,Rv0107c,ctpI
p.Arg434Ser,Rv2614c,thrS
p.Arg439Trp,Rv3882c,eccE1
p.Arg442Leu,Rv0386,
p.Arg442Ser,Rv1371,
p.Arg44_Met47delinsLeu,Rv0976c,
p.Arg44Trp,Rv3324A,
p.Arg455Gly,Rv0486,mshA
p.Arg460His,Rv1467c,fadE15
p.Arg463fs,Rv3854c,ethA
p.Arg46Cys,Rv1390,rpoZ
p.Arg47Pro,Rv0874c,
p.Arg484Ser,Rv0631c,recC
p.Arg49His,Rv1185c,fadD21
p.Arg49Pro,Rv0766c,cyp123
p.Arg4Pro,Rv0725c,
p.Arg506His,Rv1650,pheT
p.Arg519His,Rv0402c,mmpL1
p.Arg51Pro,Rv1556,
p.Arg528Cys,Rv0194,
p.Arg535Gly,Rv0051,
p.Arg536Ser,Rv0092,ctpA
p.Arg539His,Rv2124c,metH
p.Arg546His,Rv0946c,pgi
p.Arg559fs,Rv0064,
p.Arg57Gly,Rv2657c,
p.Arg57Leu,Rv2983,
p.Arg58Gly,Rv3764c,tcrY
p.Arg59Ser,Rv0107c,ctpI
p.Arg600Gly,Rv2950c,fadD29
p.Arg60Cys,Rv2841c,nusA
p.Arg62Cys,Rv2706c,
p.Arg641His,Rv0338c,
p.Arg646Gly,Rv1866,
p.Arg657His,Rv0194,
p.Arg65Leu,Rv2037c,
p.Arg65Pro,Rv1851,ureF
p.Arg66Gly,Rv1589,bioB
p.Arg68Cys,Rv1638A,
p.Arg70Cys,Rv3472,
p.Arg70Leu,Rv0359,
p.Arg71His,Rv0658c,
p.Arg73Gly,Rv1207,folP2
p.Arg73Gly,Rv3888c,
p.Arg745Gln,Rv0202c,mmpL11
p.Arg763Leu,Rv3296,lhr
p.Arg798Cys,Rv3728,
p.Arg81Gln,Rv3074,
p.Arg81His,Rv2523c,acpS
p.Arg827Cys,Rv0667,rpoB
p.Arg82fs,Rv0457c,
p.Arg85Gln,Rv1035c,
p.Arg85Pro,Rv0307c,
p.Arg86Gln,Rv0775,
p.Arg885fs,Rv2946c,pks1
p.Arg896Cys,Rv0386,
p.Arg89His,Rv1778c,
p.Arg8Trp,Rv1221,sigE
p.Arg95Pro,Rv1661,pks7
p.Arg9His,Rv0275c,
p.ArgArg134GlyGly,Rv1940,ribA1
p.Asn102Ser,Rv1934c,fadE17
p.Asn102Thr,Rv1384,carB
p.Asn105Asp,Rv2063A,mazF7
p.Asn109Thr,Rv2171,lppM
p.Asn115Lys,Rv2959c,
p.Asn11fs,Rv0986,
p.Asn126His,Rv1254,
p.Asn1376fs,Rv2946c,pks1
p.Asn140Thr,Rv3224,
p.Asn155Lys,Rv0366c,
p.Asn157Thr,Rv1472,echA12
p.Asn1610del,Rv0107c,ctpI
p.Asn165Ser,Rv0642c,mmaA4
p.Asn174Asp,Rv0584,
p.Asn1899Ser,Rv2933,ppsC
p.Asn193Ser,Rv0006,gyrA
p.Asn200Asp,Rv3395c,
p.Asn219Ser,Rv2129c,
p.Asn222Thr,Rv1746,pknF
p.Asn224Asp,Rv3403c,
p.Asn22Lys,Rv1061,
p.Asn233His,Rv1184c,
p.Asn242Lys,Rv3586,
p.Asn244fs,Rv1977,
p.Asn245Thr,Rv3722c,
p.Asn246Ser,Rv1775,
p.Asn258Ser,Rv0888,
p.Asn264Lys,Rv3659c,
p.Asn266Ser,Rv3692,moxR2
p.Asn273Ser,Rv3720,
p.Asn274Ser,Rv0726c,
p.Asn28Ser,Rv0753c,mmsA
p.Asn292His,Rv2402,
p.Asn298Asp,Rv2303c,
p.Asn308_Ala315del,Rv0015c,pknA
p.Asn322_Pro341del,Rv1256c,cyp130
p.Asn3Ser,Rv0337c,aspC
p.Asn401His,Rv2079,
p.Asn44Ser,Rv2617c,
p.Asn476Thr,Rv0255c,cobQ1
p.Asn47Thr,Rv1967,mce3B
p.Asn53Thr,Rv0327c,cyp135A1
p.Asn56Ser,Rv3169,
p.Asn66Thr,Rv0425c,ctpH
p.Asn68Asp,Rv2924c,fpg
p.Asn698Ser,Rv0668,rpoC
p.Asn76Ser,Rv2880c,
p.Asn7fs,Rv0990c,
p.Asn86His,Rv1518,
p.AsnLeuAsn257LysLeuGly,Rv2079,
p.Asp1012Ala,Rv2476c,gdh
p.Asp101Asn,Rv0344c,lpqJ
p.Asp1024Asn,Rv3795,embB
p.Asp104Tyr,Rv0042c,
p.Asp105fs,Rv0590,mce2B
p.Asp106Tyr,Rv3437,
p.Asp109Ala,Rv3171c,hpx
p.Asp112Ala,Rv3057c,
p.Asp112Tyr,Rv1563c,treY
p.Asp113Asn,Rv1916,aceAb
p.Asp116His,Rv1968,mce3C
p.Asp121Ala,Rv3517,
p.Asp121Asn,Rv0781,ptrBa
p.Asp1253fs,Rv2934,ppsD
p.Asp125Glu,Rv3886c,mycP2
p.Asp129fs,Rv2043c,pncA
p.Asp12Ala,Rv2043c,pncA
p.Asp132Ala,Rv3519,
p.Asp136Ala,Rv3867,espH
p.Asp143Asn,Rv3195,
p.Asp145Ala,Rv3705c,
p.Asp150Glu,Rv0178,
p.Asp158Glu,Rv3591c,
p.Asp15Gly,Rv2897c,
p.Asp164Asn,Rv3775,lipE
p.Asp164Glu,Rv0737,
p.Asp169His,Rv0035,fadD34
p.Asp16Asn,Rv1051c,
p.Asp181Tyr,Rv2895c,viuB
p.Asp182Tyr,Rv3698,
p.Asp186Glu,Rv1905c,aao
p.Asp188Asn,Rv2025c,
p.Asp189Ala,Rv1285,cysD
p.Asp192Ala,Rv1347c,mbtK
p.Asp192Ala,Rv2059,
p.Asp197Glu,Rv2037c,
p.Asp198His,Rv0013,trpG
p.Asp200Asn,Rv0819,mshD
p.Asp200Gly,Rv1638,uvrA
p.Asp204Asn,Rv0244c,fadE5
p.Asp206Ala,Rv0242c,fabG4
p.Asp209Ala,Rv2417c,
p.Asp20Asn,Rv2022c,
p.Asp213His,Rv3535c,hsaG
p.Asp216Gly,Rv2488c,
p.Asp21Asn,Rv2191,
p.Asp223fs,Rv2282c,
p.Asp223His,Rv0428c,
p.Asp228Glu,Rv3881c,espB
p.Asp231Gly,Rv0671,lpqP
p.Asp234Glu,Rv0734,mapA
p.Asp246Asn,Rv0574c,
p.Asp24His,Rv2090,
p.Asp251Glu,Rv2813,
p.Asp253Glu,Rv0837c,
p.Asp257Glu,Rv1940,ribA1
p.Asp260Ala,Rv2471,aglA
p.Asp260Gly,Rv0631c,recC
p.Asp266Asn,Rv0869c,moaA2
p.Asp268Ala,Rv1293,lysA
p.Asp275Tyr,Rv1833c,
p.Asp279Glu,Rv1512,epiA
p.Asp285Tyr,Rv1123c,bpoB
p.Asp285Tyr,Rv2298,
p.Asp287Gly,Rv2192c,trpD
p.Asp289Gly,Rv2688c,
p.Asp290fs,Rv3854c,ethA
p.Asp301Gly,Rv1672c,
p.Asp304Asn,Rv0982,mprB
p.Asp30Glu,Rv1955,higB
p.Asp30Gly,Rv2623,TB31.7
p.Asp318Tyr,Rv1122,gnd2
p.Asp320Asn,Rv1184c,
p.Asp328Gly,Rv3795,embB
p.Asp328His,Rv3795,embB
p.Asp32His,Rv3156,nuoL
p.Asp330Glu,Rv1043c,
p.Asp332Ala,Rv2888c,amiC
p.Asp336Gly,Rv3887c,eccD2
p.Asp337Ala,Rv3659c,
p.Asp337Gly,Rv1751,
p.Asp347Gly,Rv0932c,pstS2
p.Asp34Ala,Rv3183,
p.Asp358Asn,Rv2958c,
p.Asp377Gly,Rv0408,pta
p.Asp378Gly,Rv2858c,aldC
p.Asp37Gly,Rv2949c,
p.Asp380Gly,Rv0260c,
p.Asp392Ala,Rv1726,
p.Asp411Asn,Rv3903c,
p.Asp413Asn,Rv2315c,
p.Asp4140Ala,Rv2048c,pks12
p.Asp415Ala,Rv2572c,aspS
p.Asp421Gly,Rv1166,lpqW
p.Asp437Ala,Rv0189c,ilvD
p.Asp443Gly,Rv0568,cyp135B1
p.Asp448Ala,Rv1908c,katG
p.Asp458Glu,Rv0631c,recC
p.Asp460Gly,Rv0969,ctpV
p.Asp464fs,Rv3854c,ethA
p.Asp464Gly,Rv3854c,ethA
p.Asp485Asn,Rv0668,rpoC
p.Asp485Tyr,Rv0668,rpoC
p.Asp48Tyr,Rv0525,
p.Asp492Gly,Rv2101,helZ
p.Asp49Gly,Rv2043c,pncA
p.Asp49Gly,Rv2952,
p.Asp4Asn,Rv1108c,xseA
p.Asp4His,Rv3898c,
p.Asp53Gly,Rv3724B,cut5b
p.Asp541Ala,Rv0244c,fadE5
p.Asp55Asn,Rv0012,
p.Asp573Gly,Rv1133c,metE
p.Asp57Asn,Rv1668c,
p.Asp59Gly,Rv0528,
p.Asp60Asn,Rv0774c,
p.Asp60Gly,Rv1754c,
p.Asp60Gly,Rv3842c,glpQ1
p.Asp617Asn,Rv2006,otsB1
p.Asp62Gly,Rv0092,ctpA
p.Asp64Glu,Rv3471c,
p.Asp65fs,Rv2872,vapC43
p.Asp65Gly,Rv0593,lprL
p.Asp67Gly,Rv1961,
p.Asp68Asn,Rv2606c,snzP
p.Asp68Tyr,Rv0985c,mscL
p.Asp698Ala,Rv3201c,
p.Asp70Glu,Rv1446c,opcA
p.Asp723Ala,Rv0197,
p.Asp72Ala,Rv1218c,
p.Asp73Ala,Rv0359,
p.Asp748Glu,Rv0384c,clpB
p.Asp76Asn,Rv3067,
p.Asp79Ala,Rv1218c,
p.Asp7fs,Rv1446c,opcA
p.Asp842Gly,Rv3910,
p.Asp84Glu,Rv1363c,
p.Asp86Ala,Rv3856c,
p.Asp87Ala,Rv2588c,yajC
p.Asp88Ala,Rv2122c,hisE
p.Asp8Gly,Rv3199c,nudC
p.Asp91Glu,Rv0821c,phoY2
p.Asp91His,Rv2032,acg
p.Asp937Asn,Rv1020,mfd
p.Asp94Ala,Rv0006,gyrA
p.Asp95His,Rv0079,
p.AspSer94TyrThr,Rv0006,gyrA
p.Cys101Gly,Rv0076c,
p.Cys11Arg,Rv0606,
p.Cys13Arg,Rv0971c,echA7
p.Cys14Arg,Rv2043c,pncA
p.Cys14Gly,Rv0918,
p.Cys157Arg,Rv2223c,
p.Cys157Phe,Rv1507c,
p.Cys160Gly,Rv0873,fadE10
p.Cys167Tyr,Rv0273c,
p.Cys175Gly,Rv0495c,
p.Cys183Arg,Rv3897c,
p.Cys212Tyr,Rv0337c,aspC
p.Cys213Arg,Rv2688c,
p.Cys231Arg,Rv2715,
p.Cys28Gly,Rv0609A,
p.Cys29Ser,Rv1614,lgt
p.Cys40Tyr,Rv0936,pstA2
p.Cys50Trp,Rv0301,vapC2
p.Cys53Arg,Rv3862c,whiB6
p.Cys61Gly,Rv0635,hadA
p.Cys61Ser,Rv0635,hadA
p.Cys622Gly,Rv3299c,atsB
p.Cys78Ser,Rv0032,bioF2
p.Cys96Arg,Rv3375,amiD
p.Gln103Arg,Rv0421c,
p.Gln103His,Rv0673,echA4
p.Gln10Pro,Rv2043c,pncA
p.Gln10*,Rv2563,
p.Gln115*,Rv2570,
p.Gln1172Pro,Rv2062c,cobN
p.Gln118*,Rv0739,
p.Gln1206Arg,Rv2946c,pks1
p.Gln124Pro,Rv2473,
p.Gln125Arg,Rv0706,rplV
p.Gln125*,Rv3919c,gid
p.Gln128Lys,Rv1156,
p.Gln135Lys,Rv1638,uvrA
p.Gln143Glu,Rv1518,
p.Gln150*,Rv2719c,
p.Gln153fs,Rv0045c,
p.Gln163Arg,Rv3382c,lytB1
p.Gln16Arg,Rv1816,
p.Gln172Arg,Rv0949,uvrD1
p.Gln173Arg,Rv1611,trpC
p.Gln188fs,Rv0273c,
p.Gln188Pro,Rv2325c,
p.Gln2079His,Rv1661,pks7
p.Gln209Glu,Rv2568c,
p.Gln215Glu,Rv1673c,
p.Gln217Arg,Rv3822,
p.Gln219Arg,Rv2564,glnQ
p.Gln229Arg,Rv1783,eccC5
p.Gln239Glu,Rv1189,sigI
p.Gln23fs,Rv1444c,
p.Gln23His,Rv0114,gmhB
p.Gln253Arg,Rv2258c,
p.Gln25Arg,Rv1642,rpmI
p.Gln266His,Rv2345,
p.Gln270*,Rv2744c,35kd_ag
p.Gln281fs,Rv1358,
p.Gln283Pro,Rv0920c,
p.Gln28Pro,Rv0698,
p.Gln301His,Rv2205c,
p.Gln32His,Rv3709c,ask
p.Gln34His,Rv2919c,glnB
p.Gln354*,Rv1619,
p.Gln35*,Rv2948c,fadD22
p.Gln365His,Rv0050,ponA1
p.Gln375Lys,Rv1640c,lysX
p.Gln392*,Rv2950c,fadD29
p.Gln395Arg,Rv3446c,
p.Gln3His,Rv0837c,
p.Gln424Glu,Rv1461,
p.Gln479Pro,Rv0570,nrdZ
p.Gln48Glu,Rv2231B,vapB16
p.Gln493Glu,Rv1760,
p.Gln497Arg,Rv3795,embB
p.Gln501Arg,Rv3377c,
p.Gln519Arg,Rv3051c,nrdE
p.Gln52Lys,Rv1110,lytB2
p.Gln601Pro,Rv3401,
p.Gln603Arg,Rv1449c,tkt
p.Gln62Arg,Rv3224,
p.Gln64Glu,Rv3510c,
p.Gln655Pro,Rv1661,pks7
p.Gln6Arg,Rv2291,sseB
p.Gln70His,Rv2888c,amiC
p.Gln791*,Rv0648,
p.Gln88*,Rv3898c,
p.Gln95Lys,Rv2269c,
p.Gln975His,Rv0667,rpoB
p.Gln993Pro,Rv1683,
p.Glu100Asp,Rv3629c,
p.Glu101Gly,Rv2417c,
p.Glu103Gly,Rv1447c,zwf2
p.Glu105Asp,Rv2597,
p.Glu108Ala,Rv2475c,
p.Glu108Gly,Rv2022c,
p.Glu1092Asp,Rv0668,rpoC
p.Glu115Ala,Rv2017,
p.Glu116Gly,Rv2913c,
p.Glu119Asp,Rv0311,
p.Glu11Lys,Rv2176,pknL
p.Glu123Val,Rv2614c,thrS
p.Glu127Lys,Rv0610c,
p.Glu12Gly,Rv3648c,cspA
p.Glu12Gly,Rv3740c,
p.Glu135Gly,Rv3157,nuoM
p.Glu141Gly,Rv2763c,dfrA
p.Glu145Gln,Rv3279c,birA
p.Glu153Gly,Rv2447c,folC
p.Glu154Ala,Rv2793c,truB
p.Glu155Ala,Rv0940c,
p.Glu155Asp,Rv3763,lpqH
p.Glu1573Gly,Rv3800c,pks13
p.Glu15Ala,Rv1381,pyrC
p.Glu166Asp,Rv3228,
p.Glu168*,Rv3482c,
p.Glu173fs,Rv2043c,pncA
p.Glu173Gly,Rv2714,
p.Glu175Lys,Rv1076,lipU
p.Glu177Ala,Rv0752c,fadE9
p.Glu17Gly,Rv2072c,cobL
p.Glu184Asp,Rv3457c,rpoA
p.Glu185Gln,Rv0292,eccE3
p.Glu185Lys,Rv1123c,bpoB
p.Glu187_Tyr188del,Rv0996,
p.Glu190Gly,Rv0773c,ggtA
p.Glu195Ala,Rv2597,
p.Glu200Gly,Rv0158,
p.Glu210Lys,Rv3482c,
p.Glu213Asp,Rv0736,rslA
p.Glu221Asp,Rv3886c,mycP2
p.Glu226Asp,Rv1385,pyrF
p.Glu228Ala,Rv1166,lpqW
p.Glu234Gly,Rv0890c,
p.Glu234Lys,Rv1392,metK
p.Glu235Ala,Rv0610c,
p.Glu235Asp,Rv2299c,htpG
p.Glu239Ala,Rv1812c,
p.Glu243Ala,Rv0469,umaA
p.Glu245Ala,Rv0562,grcC1
p.Glu253Gly,Rv0419,lpqM
p.Glu256Asp,Rv2924c,fpg
p.Glu269Asp,Rv3318,sdhA
p.Glu276Gly,Rv0655,mkl
p.Glu277Asp,Rv1949c,
p.Glu279Ala,Rv0176,
p.Glu279fs,Rv3743c,ctpJ
p.Glu300Ala,Rv0458,
p.Glu30Lys,Rv2179c,
p.Glu310Asp,Rv1215c,
p.Glu328Gln,Rv1488,
p.Glu331Gly,Rv3198c,uvrD2
p.Glu346Ala,Rv2997,
p.Glu346*,Rv1279,
p.Glu358Asp,Rv2214c,ephD
p.Glu35Ala,Rv3810,pirG
p.Glu36Asp,Rv2336,
p.Glu379fs,Rv3314c,deoA
p.Glu38Ala,Rv0831c,
p.Glu38Asp,Rv1979c,
p.Glu392Lys,Rv1614,lgt
p.Glu393Ala,Rv1689,tyrS
p.Glu394Lys,Rv1934c,fadE17
p.Glu3Asp,Rv3335c,
p.Glu3fs,Rv2715,
p.Glu3Gly,Rv0472c,
p.Glu405Asp,Rv3795,embB
p.Glu40Gly,Rv2447c,folC
p.Glu40Gly,Rv2883c,pyrH
p.Glu414*,Rv0860,fadB
p.Glu43Lys,Rv0790c,
p.Glu458Gln,Rv0888,
p.Glu468Gly,Rv2572c,aspS
p.Glu526Gly,Rv2918c,glnD
p.Glu52Gln,Rv2395B,aprB
p.Glu53Ala,Rv0468,fadB2
p.Glu55Asp,Rv1208,gpgS
p.Glu571Gly,Rv0338c,
p.Glu577Gln,Rv2395,
p.Glu57Lys,Rv1191,
p.Glu61Gln,Rv2195,qcrA
p.Glu65Ala,Rv2386c,mbtI
p.Glu65Gln,Rv1740,vapB34
p.Glu65Lys,Rv1351,
p.Glu67Gly,Rv1851,ureF
p.Glu67Lys,Rv0399c,lpqK
p.Glu68Gly,Rv2931,ppsA
p.Glu69Asp,Rv0326,
p.Glu69fs,Rv1563c,treY
p.Glu769Asp,Rv0405,pks6
p.Glu76Gly,Rv1851,ureF
p.Glu78Asp,Rv1086,
p.Glu791Lys,Rv1028c,kdpD
p.Glu7Lys,Rv0508,
p.Glu803Asp,Rv2448c,valS
p.Glu809Gly,Rv0194,
p.Glu842del,Rv1358,
p.Glu843Gly,Rv1661,pks7
p.Glu86Lys,Rv0273c,
p.Glu892Gly,Rv2062c,cobN
p.Glu89Ala,Rv0327c,cyp135A1
p.Glu8Asp,Rv2042c,
p.Glu91Asp,Rv2977c,thiL
p.Glu92Asp,Rv3919c,gid
p.Glu936Ala,Rv2935,ppsE
p.Glu943Gly,Rv2922c,smc
p.Glu951Asp,Rv3794,embA
p.GluGlu103AspLys,Rv0613c,
p.Gly102Ser,Rv3399,
p.Gly103fs,Rv0244c,fadE5
p.Gly103fs,Rv2081c,
p.Gly105Ala,Rv1152,
p.Gly105Ala,Rv1872c,lldD2
p.Gly105Ala,Rv2161c,
p.Gly105Asp,Rv2384,mbtA
p.Gly106Asp,Rv1319c,
p.Gly108Cys,Rv2651c,
p.Gly109Ser,Rv0492c,
p.Gly111Ser,Rv2170,
p.Gly111Ser,Rv3274c,fadE25
p.Gly1161Ser,Rv2006,otsB1
p.Gly123Asp,Rv1870c,
p.Gly124Asp,Rv3774,echA21
p.Gly124fs,Rv2450c,rpfE
p.Gly125Arg,Rv2124c,metH
p.Gly126Asp,Rv1200,
p.Gly128Cys,Rv1425,
p.Gly129Arg,Rv1882c,
p.Gly129Glu,Rv1891,
p.Gly132Ala,Rv2043c,pncA
p.Gly133Asp,Rv3519,
p.Gly133Cys,Rv3157,nuoM
p.Gly135Ala,Rv0999,
p.Gly136Arg,Rv3241c,
p.Gly139Glu,Rv0679c,
p.Gly13Ser,Rv3195,
p.Gly140Val,Rv1911c,lppC
p.Gly141Ser,Rv0869c,moaA2
p.Gly142fs,Rv2307B,
p.Gly143Glu,Rv3373,echA18
p.Gly144Asp,Rv3714c,
p.Gly144_Gly148delinsArg,Rv3736,
p.Gly146Ser,Rv0258c,
p.Gly146Ser,Rv3729,
p.Gly151Arg,Rv3711c,dnaQ
p.Gly1525Ala,Rv1661,pks7
p.Gly153Arg,Rv0576,
p.Gly155Cys,Rv0347,
p.Gly155fs,Rv2780,ald
p.Gly156Cys,Rv3795,embB
p.Gly159Ser,Rv1672c,
p.Gly15Asp,Rv3711c,dnaQ
p.Gly160Glu,Rv0114,gmhB
p.Gly161Ser,Rv2752c,
p.Gly162Cys,Rv3378c,
p.Gly166Arg,Rv2787,
p.Gly167Ser,Rv3302c,glpD2
p.Gly16Cys,Rv3905c,esxF
p.Gly171Arg,Rv1557,mmpL6
p.Gly173Asp,Rv2052c,
p.Gly173Asp,Rv3006,lppZ
p.Gly178Asp,Rv1394c,cyp132
p.Gly178Trp,Rv1640c,lysX
p.Gly17Glu,Rv2037c,
p.Gly17Ser,Rv1104,
p.Gly183Arg,Rv3535c,hsaG
p.Gly184Ser,Rv2727c,miaA
p.Gly185Asp,Rv3493c,
p.Gly190Val,Rv2215,dlaT
p.Gly195Arg,Rv1770,
p.Gly196Val,Rv3629c,
p.Gly2075Arg,Rv1527c,pks5
p.Gly210Ser,Rv0761c,adhB
p.Gly212Ser,Rv0932c,pstS2
p.Gly215Glu,Rv0162c,adhE1
p.Gly217_Val220del,Rv0341,iniB
p.Gly21Ala,Rv0093c,
p.Gly220Val,Rv3079c,
p.Gly221Asp,Rv0939,
p.Gly224Val,Rv0758,phoR
p.Gly226dup,Rv0193c,
p.Gly227Asp,Rv1537,dinX
p.Gly229Ser,Rv1320c,
p.Gly230Asp,Rv3140,fadE23
p.Gly230Ser,Rv2252,
p.Gly231Asp,Rv3030,
p.Gly234Arg,Rv0773c,ggtA
p.Gly234Val,Rv3806c,ubiA
p.Gly235Asp,Rv2839c,infB
p.Gly237Ser,Rv1295,thrC
p.Gly244Cys,Rv1860,apa
p.Gly246Ser,Rv0676c,mmpL5
p.Gly247Ser,Rv0006,gyrA
p.Gly24Cys,Rv0258c,
p.Gly24Cys,Rv1089A,celA2a
p.Gly251Asp,Rv3560c,fadE30
p.Gly259Asp,Rv0173,lprK
p.Gly25Val,Rv2158c,murE
p.Gly269Ser,Rv2245,kasA
p.Gly26Asp,Rv0593,lprL
p.Gly271Ser,Rv0134,ephF
p.Gly280Ala,Rv3691,
p.Gly280Arg,Rv1726,
p.Gly294Asp,Rv3398c,idsA1
p.Gly299Ala,Rv1492,mutA
p.Gly303Ser,Rv0570,nrdZ
p.Gly311Asp,Rv1459c,
p.Gly315Ser,Rv1330c,pncB1
p.Gly319Cys,Rv0035,fadD34
p.Gly31Ser,Rv3457c,rpoA
p.Gly325Asp,Rv0728c,serA2
p.Gly328fs,Rv3786c,
p.Gly32Arg,Rv2568c,
p.Gly32Ser,Rv2586c,secF
p.Gly331Cys,Rv0696,
p.Gly332Arg,Rv0668,rpoC
p.Gly341Ser,Rv0914c,
p.Gly343Glu,Rv2896c,
p.Gly344Asp,Rv0191,
p.Gly346Arg,Rv1384,carB
p.Gly34Val,Rv3612c,
p.Gly354Asp,Rv1730c,
p.Gly354Asp,Rv3910,
p.Gly361Asp,Rv0890c,
p.Gly361Ser,Rv3734c,tgs2
p.Gly367Arg,Rv2459,
p.Gly370Cys,Rv2434c,
p.Gly377Ala,Rv2351c,plcA
p.Gly377Asp,Rv2677c,hemY
p.Gly378Ser,Rv0327c,cyp135A1
p.Gly37Arg,Rv3919c,gid
p.Gly381Ser,Rv2737c,recA
p.Gly382Glu,Rv0092,ctpA
p.Gly385Asp,Rv1315,murA
p.Gly392Ala,Rv3148,nuoD
p.Gly3Glu,Rv3523,ltp3
p.Gly3Val,Rv0132c,fgd2
p.Gly406Ser,Rv3795,embB
p.Gly407fs,Rv2918c,glnD
p.Gly425Arg,Rv1217c,
p.Gly42Asp,Rv0303,
p.Gly42Asp,Rv0658c,
p.Gly431Arg,Rv0194,
p.Gly433Ser,Rv0668,rpoC
p.Gly43Val,Rv3854c,ethA
p.Gly444Cys,Rv2384,mbtA
p.Gly44Glu,Rv3606c,folK
p.Gly462Ser,Rv0949,uvrD1
p.Gly462Ser,Rv1835c,
p.Gly46Cys,Rv0882,
p.Gly46Ser,Rv2638,
p.Gly47Arg,Rv1353c,
p.Gly498Asp,Rv1536,ileS
p.Gly49Ala,Rv0034,
p.Gly49Glu,Rv3189,
p.Gly49Ser,Rv2508c,
p.Gly535Asp,Rv1204c,
p.Gly54fs,Rv0471c,
p.Gly54Val,Rv1796,mycP5
p.Gly55Ala,Rv0985c,mscL
p.Gly56Ser,Rv2513,
p.Gly59Asp,Rv1877,
p.Gly5_His6insArg,Rv3152,nuoH
p.Gly616Ser,Rv3573c,fadE34
p.Gly621Ala,Rv0584,
p.Gly621Ser,Rv0373c,
p.Gly631Arg,Rv1402,priA
p.Gly675Asp,Rv1781c,malQ
p.Gly69Asp,Rv0319,pcp
p.Gly69_Thr70insValAspGly,Rv0162c,adhE1
p.Gly70Glu,Rv1004c,
p.Gly71fs,Rv0045c,
p.Gly73fs,Rv1625c,cya
p.Gly74Cys,Rv3359,
p.Gly755Glu,Rv0236c,aftD
p.Gly76Cys,Rv3919c,gid
p.Gly775Ser,Rv3401,
p.Gly77Glu,Rv0026,
p.Gly78fs,Rv2333c,stp
p.Gly81Cys,Rv1529,fadD24
p.Gly82Ser,Rv1493,mutB
p.Gly84Asp,Rv1140,
p.Gly88Arg,Rv1663,pks17
p.Gly88*,Rv2757c,vapC21
p.Gly90Arg,Rv0374c,
p.Gly94Asp,Rv3090,
p.Gly94Asp,Rv3463,
p.Gly970Ser,Rv2124c,metH
p.Gly97Asp,Rv2043c,pncA
p.Gly9Cys,Rv1883c,
p.His102Arg,Rv3189,
p.His1040Tyr,Rv0236c,aftD
p.His111Pro,Rv0836c,
p.His11Tyr,Rv3842c,glpQ1
p.His126Tyr,Rv1814,erg3
p.His129Tyr,Rv3127,
p.His141Asn,Rv2835c,ugpA
p.His162Arg,Rv1910c,
p.His164Gln,Rv0392c,ndhA
p.His169fs,Rv2510c,
p.His16Arg,Rv1884c,rpfC
p.His188Pro,Rv0545c,pitA
p.His194Arg,Rv2172c,
p.His202Tyr,Rv0149,
p.His22Arg,Rv1525,wbbL2
p.His236Gln,Rv3228,
p.His245Asp,Rv3848,
p.His259Arg,Rv0590,mce2B
p.His264Pro,Rv2942,mmpL7
p.His267Tyr,Rv3838c,pheA
p.His281Pro,Rv3854c,ethA
p.His286Asn,Rv0732,secY
p.His295Arg,Rv2781c,
p.His302Arg,Rv0005,gyrB
p.His32Arg,Rv1720c,vapC12
p.His34Arg,Rv0061c,
p.His350Tyr,Rv0785,
p.His35Tyr,Rv0083,
p.His416Pro,Rv3195,
p.His42Arg,Rv0342,iniA
p.His433fs,Rv3734c,tgs2
p.His462Asn,Rv1877,
p.His491Arg,Rv3799c,accD4
p.His491Tyr,Rv3799c,accD4
p.His59Tyr,Rv0918,
p.His61Gln,Rv0990c,
p.His67Pro,Rv2138,lppL
p.His69Tyr,Rv1356c,
p.His70Arg,Rv3720,
p.His71Tyr,Rv2043c,pncA
p.His755Arg,Rv2448c,valS
p.His7Pro,Rv3030,
p.His80Pro,Rv2866,relG
p.His84Pro,Rv0663,atsD
p.His95Tyr,Rv1698,mctB
p.HisGly52ProArg,Rv1851,ureF
p.HisGlyLeu52ProArgPro,Rv1851,ureF
p.Ile100Thr,Rv2668,
p.Ile1014Thr,Rv1536,ileS
p.Ile1026Asn,Rv2566,
p.Ile105Thr,Rv0474,
p.Ile108Val,Rv1490,
p.Ile1098Thr,Rv2006,otsB1
p.Ile109Thr,Rv2019,
p.Ile10Met,Rv0338c,
p.Ile1106Thr,Rv0667,rpoB
p.Ile115Val,Rv0138,
p.Ile118Asn,Rv0456c,echA2
p.Ile118Val,Rv3882c,eccE1
p.Ile119Val,Rv1255c,
p.Ile121Val,Rv1456c,
p.Ile121Val,Rv3119,moaE1
p.Ile128Val,Rv1173,fbiC
p.Ile12Met,Rv1507A,
p.Ile131Val,Rv1259,udgB
p.Ile133Thr,Rv2043c,pncA
p.Ile133Val,Rv2977c,thiL
p.Ile136Thr,Rv0380c,
p.Ile146Met,Rv2959c,
p.Ile147Ser,Rv2426c,
p.Ile158Leu,Rv0675,echA5
p.Ile159Thr,Rv3006,lppZ
p.Ile166Met,Rv2383c,mbtB
p.Ile16Val,Rv3888c,
p.Ile174Thr,Rv0358,
p.Ile178Ser,Rv0845,
p.Ile189Val,Rv0069c,sdaA
p.Ile190fs,Rv1984c,cfp21
p.Ile191Val,Rv2005c,
p.Ile19Thr,Rv2065,cobH
p.Ile200Val,Rv0119,fadD7
p.Ile225Thr,Rv0493c,
p.Ile231Thr,Rv2037c,
p.Ile244Val,Rv1188,
p.Ile247Val,Rv0139,
p.Ile262Thr,Rv3879c,espK
p.Ile276Phe,Rv2266,cyp124
p.Ile288Val,Rv3543c,fadE29
p.Ile28Ser,Rv3224A,
p.Ile292Leu,Rv3544c,fadE28
p.Ile300Thr,Rv0485,
p.Ile321Thr,Rv0826,
p.Ile32Thr,Rv3083,
p.Ile359Thr,Rv3545c,cyp125
p.Ile37fs,Rv1153c,omt
p.Ile39Thr,Rv3768,
p.Ile39Val,Rv2694c,
p.Ile3Val,Rv2935,ppsE
p.Ile43Ser,Rv2447c,folC
p.Ile43Thr,Rv2447c,folC
p.Ile43Val,Rv1922,
p.Ile440Thr,Rv2280,
p.Ile488Val,Rv0667,rpoB
p.Ile491Phe,Rv0667,rpoB
p.Ile491Thr,Rv0668,rpoC
p.Ile51Asn,Rv1322A,
p.Ile522Val,Rv2864c,
p.Ile526Val,Rv0976c,
p.Ile55Leu,Rv2008c,
p.Ile560Val,Rv3436c,glmS
p.Ile561Phe,Rv0064,
p.Ile61Leu,Rv3788,
p.Ile61Val,Rv0346c,ansP2
p.Ile67fs,Rv0678,
p.Ile75fs,Rv3047c,
p.Ile79Val,Rv2586c,secF
p.Ile816Met,Rv1522c,mmpL12
p.Ile863Ser,Rv3894c,eccC2
p.Ile88Val,Rv1837c,glcB
p.Ile949Val,Rv3080c,pknK
p.Ile96Thr,Rv2402,
p.Ile97Ser,Rv0715,rplX
p.IleThr405ThrPro,Rv3740c,
p.Leu101Phe,Rv2195,qcrA
p.Leu102Pro,Rv1290c,
p.Leu102Val,Rv0487,
p.Leu104Phe,Rv2013,
p.Leu106Arg,Rv0992c,
p.Leu106fs,Rv0987,
p.Leu106Met,Rv3454,
p.Leu108Arg,Rv2541,
p.Leu108Met,Rv2298,
p.Leu109fs,Rv1200,
p.Leu10Gln,Rv3398c,idsA1
p.Leu113Arg,Rv3423c,alr
p.Leu115Phe,Rv3697c,vapC48
p.Leu117Arg,Rv1427c,fadD12
p.Leu11Pro,Rv3136A,
p.Leu120Pro,Rv2043c,pncA
p.Leu123Pro,Rv1507c,
p.Leu124Phe,Rv3232c,ppk2
p.Leu1280Phe,Rv0101,nrp
p.Leu128Ser,Rv0987,
p.Leu130Ile,Rv2691,ceoB
p.Leu131Ser,Rv1142c,echA10
p.Leu132Arg,Rv1940,ribA1
p.Leu134Phe,Rv0811c,
p.Leu136Pro,Rv0612,
p.Leu138Pro,Rv0858c,dapC
p.Leu142Ser,Rv0173,lprK
p.Leu146Phe,Rv1191,
p.Leu151Ser,Rv2043c,pncA
p.Leu159Gln,Rv0484c,
p.Leu159Phe,Rv1565c,
p.Leu162Phe,Rv3167c,
p.Leu169Met,Rv2508c,
p.Leu16Arg,Rv3919c,gid
p.Leu172Pro,Rv2043c,pncA
p.Leu173Ser,Rv3843c,
p.Leu179Met,Rv3815c,
p.Leu179Val,Rv2170,
p.Leu17Pro,Rv2467,pepN
p.Leu180Val,Rv2073c,
p.Leu181Pro,Rv3737,
p.Leu184Pro,Rv1217c,
p.Leu185Phe,Rv2059,
p.Leu186Val,Rv0970,
p.Leu18Met,Rv3305c,amiA1
p.Leu191Ala,Rv0988,
p.Leu191Arg,Rv1816,
p.Leu196Gln,Rv1051c,
p.Leu19Met,Rv3761c,fadE36
p.Leu1?,Rv1816,
p.Leu2061Gln,Rv1527c,pks5
p.Leu212Val,Rv2820c,
p.Leu214Pro,Rv0542c,menE
p.Leu216Met,Rv2897c,
p.Leu216Val,Rv0874c,
p.Leu219fs,Rv3797,fadE35
p.Leu21Val,Rv3864,espE
p.Leu225Arg,Rv2438c,nadE
p.Leu229Phe,Rv1603,hisA
p.Leu24Phe,Rv3909,
p.Leu250Arg,Rv2264c,
p.Leu257Met,Rv0969,ctpV
p.Leu257Met,Rv0989c,grcC2
p.Leu258Pro,Rv0726c,
p.Leu259Arg,Rv3451,cut3
p.Leu267fs,Rv2425c,
p.Leu26Val,Rv2564,glnQ
p.Leu275Pro,Rv2000,
p.Leu287Pro,Rv0045c,
p.Leu28Phe,Rv3070,
p.Leu300Phe,Rv2563,
p.Leu306Pro,Rv1607,chaA
p.Leu310Gln,Rv3032,
p.Leu332Phe,Rv1464,csd
p.Leu336Val,Rv2092c,helY
p.Leu33fs,Rv2545,vapB18
p.Leu340His,Rv2916c,ffh
p.Leu352Ser,Rv3140,fadE23
p.Leu354fs,Rv2329c,narK1
p.Leu35fs,Rv3919c,gid
p.Leu35Phe,Rv3824c,papA1
p.Leu361fs,Rv2918c,glnD
p.Leu36Pro,Rv2781c,
p.Leu37Pro,Rv3156,nuoL
p.Leu38Val,Rv3823c,mmpL8
p.Leu390_Arg396dup,Rv2542,
p.Leu398Val,Rv2153c,murG
p.Leu3Val,Rv1596,nadC
p.Leu402Val,Rv3795,embB
p.Leu40Pro,Rv0947c,
p.Leu411fs,Rv1232c,
p.Leu415Ser,Rv1286,cysN
p.Leu41Phe,Rv1745c,idi
p.Leu422Pro,Rv1217c,
p.Leu42Arg,Rv3174,
p.Leu42Met,Rv0298,
p.Leu431Arg,Rv0732,secY
p.Leu43fs,Rv2950c,fadD29
p.Leu43Pro,Rv1132,
p.Leu44Arg,Rv2665,
p.Leu44Phe,Rv1594,nadA
p.Leu452fs,Rv1028c,kdpD
p.Leu46Gly,Rv2962c,
p.Leu46Met,Rv0722,rpmD
p.Leu470Val,Rv1292,argS
p.Leu487Val,Rv1620c,cydC
p.Leu50delinsAlaGlyAspLeuAlaSerProGlnSerValGly,Rv0063,
p.Leu516Phe,Rv0938,ligD
p.Leu516Pro,Rv0668,rpoC
p.Leu51Trp,Rv3215,entC
p.Leu52Val,Rv2081c,
p.Leu53Met,Rv1007c,metS
p.Leu54Trp,Rv2038c,
p.Leu55Val,Rv0471c,
p.Leu57fs,Rv0433,
p.Leu598Arg,Rv2476c,gdh
p.Leu599Pro,Rv3391,acrA1
p.Leu59Pro,Rv1203c,
p.Leu61Ser,Rv1760,
p.Leu63Arg,Rv1032c,trcS
p.Leu67Arg,Rv1610,
p.Leu69Phe,Rv0985c,mscL
p.Leu729fs,Rv1992c,ctpG
p.Leu72Pro,Rv0047c,
p.Leu731Pro,Rv0667,rpoB
p.Leu74Arg,Rv3795,embB
p.Leu770Gln,Rv1650,pheT
p.Leu79Ser,Rv3919c,gid
p.Leu800Trp,Rv0194,
p.Leu80Val,Rv3457c,rpoA
p.Leu887Met,Rv3646c,topA
p.Leu90_Glu93del,Rv2206,
p.Leu90Phe,Rv2269c,
p.Leu91_Glu94del,Rv1045,
p.Leu95Ser,Rv2079,
p.Leu96Pro,Rv1469,ctpD
p.Leu99Arg,Rv2689c,
p.Leu99Trp,Rv2344c,dgt
p.LeuGly22SerSer,Rv0103c,ctpB
p.Lys105Asn,Rv1923,lipD
p.Lys111Arg,Rv2694c,
p.Lys1152Gln,Rv0668,rpoC
p.Lys11Glu,Rv3190A,
p.Lys120Thr,Rv0844c,narL
p.Lys139Met,Rv0197,
p.Lys14Asn,Rv1155,
p.Lys153Gln,Rv2190c,
p.Lys157Thr,Rv1703c,
p.Lys159Arg,Rv3773c,
p.Lys17Asn,Rv0859,fadA
p.Lys188Arg,Rv3535c,hsaG
p.Lys192Arg,Rv0136,cyp138
p.Lys197fs,Rv0368c,
p.Lys200fs,Rv3854c,ethA
p.Lys206Asn,Rv2673,aftC
p.Lys212Glu,Rv0469,umaA
p.Lys228Asn,Rv0812,
p.Lys234Asn,Rv2351c,plcA
p.Lys23Glu,Rv0974c,accD2
p.Lys258Thr,Rv1467c,fadE15
p.Lys265Asn,Rv3608c,folP1
p.Lys26Asn,Rv0963c,
p.Lys270Gln,Rv1189,sigI
p.Lys271fs,Rv1075c,
p.Lys278Gln,Rv1921c,lppF
p.Lys31Glu,Rv0893c,
p.Lys34Asn,Rv3543c,fadE29
p.Lys374fs,Rv0272c,
p.Lys37fs,Rv3854c,ethA
p.Lys43Arg,Rv0682,rpsL
p.Lys43Gln,Rv3881c,espB
p.Lys483Glu,Rv2756c,hsdM
p.Lys490fs,Rv1319c,
p.Lys54Asn,Rv2101,helZ
p.Lys565Glu,Rv0284,eccC3
p.Lys596Asn,Rv2455c,
p.Lys59Thr,Rv0948c,
p.Lys63Glu,Rv0169,mce1A
p.Lys64Asn,Rv3378c,
p.Lys77Arg,Rv0422c,thiD
p.Lys87Arg,Rv2237,
p.Lys88Arg,Rv0682,rpsL
p.Lys88Thr,Rv0682,rpsL
p.Lys95Thr,Rv2869c,rip
p.Met105Ile,Rv0107c,ctpI
p.Met1124Val,Rv1662,pks8
p.Met112Ile,Rv1891,
p.Met11Thr,Rv1031,kdpC
p.Met1204Arg,Rv2946c,pks1
p.Met129Ile,Rv3693,
p.Met131Ile,Rv3465,rmlC
p.Met146Lys,Rv0236c,aftD
p.Met148Thr,Rv0231,fadE4
p.Met166Ile,Rv2918c,glnD
p.Met172Val,Rv2172c,
p.Met176Ile,Rv3518c,cyp142
p.Met179Val,Rv0805,
p.Met179Val,Rv3174,
p.Met180Val,Rv3806c,ubiA
p.Met183Val,Rv2601,speE
p.Met185Val,Rv0168,yrbE1B
p.Met198Thr,Rv0376c,
p.Met1?,Rv0411c,glnH
p.Met1?,Rv1598c,
p.Met1?,Rv2043c,pncA
p.Met1?,Rv2274c,mazF8
p.Met1?,Rv2331A,
p.Met1?,Rv2954c,
p.Met1?,Rv3854c,ethA
p.Met209Val,Rv0552,
p.Met20Arg,Rv0646c,lipG
p.Met215Ile,Rv2522c,
p.Met226Arg,Rv0573c,pncB2
p.Met227Val,Rv3092c,
p.Met230Ile,Rv0766c,cyp123
p.Met2325Ile,Rv0101,nrp
p.Met237Val,Rv2724c,fadE20
p.Met237Val,Rv3915,
p.Met242Leu,Rv1092c,coaA
p.Met253Ile,Rv0483,lprQ
p.Met258Leu,Rv3910,
p.Met259fs,Rv0831c,
p.Met25Ile,Rv1551,plsB1
p.Met260Thr,Rv2456c,
p.Met262Leu,Rv3820c,papA2
p.Met270Leu,Rv2950c,fadD29
p.Met27Thr,Rv1639c,
p.Met281Thr,Rv1001,arcA
p.Met286fs,Rv1509,
p.Met28Leu,Rv0713,
p.Met296Ile,Rv1184c,
p.Met298Val,Rv2748c,ftsK
p.Met299Ile,Rv1212c,glgA
p.Met301Val,Rv0728c,serA2
p.Met312Val,Rv1796,mycP5
p.Met315_Pro322del,Rv1004c,
p.Met343Thr,Rv3423c,alr
p.Met347Ile,Rv0037c,
p.Met371Ile,Rv3083,
p.Met386Thr,Rv3227,aroA
p.Met391Val,Rv2386c,mbtI
p.Met423Thr,Rv3795,embB
p.Met432Thr,Rv1630,rpsA
p.Met452Leu,Rv0647c,
p.Met492Ile,Rv0373c,
p.Met498Ile,Rv0629c,recD
p.Met50Ile,Rv2176,pknL
p.Met54Leu,Rv2185c,TB16.3
p.Met586Ile,Rv1836c,
p.Met63Thr,Rv3736,
p.Met63Val,Rv0167,yrbE1A
p.Met696Leu,Rv0206c,mmpL3
p.Met70Ile,Rv1823,
p.Met73Leu,Rv3894c,eccC2
p.Met95Val,Rv1205,
p.Met999Ile,Rv3201c,
p.Met99Val,Rv0274,
p.MetAsp434IleTyr,Rv0667,rpoB
p.Phe103Leu,Rv1132,
p.Phe119fs,Rv1525,wbbL2
p.Phe120Ser,Rv1498c,
p.Phe126Leu,Rv3831,
p.Phe128fs,Rv3050c,
p.Phe130Val,Rv0188,
p.Phe132Leu,Rv0876c,
p.Phe13fs,Rv3848,
p.Phe158Leu,Rv1443c,
p.Phe15Ser,Rv1967,mce3B
p.Phe175Cys,Rv0928,pstS3
p.Phe176Leu,Rv3806c,ubiA
p.Phe197Val,Rv0248c,
p.Phe20Ala,Rv2366c,
p.Phe21Leu,Rv1428c,
p.Phe230Leu,Rv2471,aglA
p.Phe236Leu,Rv3536c,hsaE
p.Phe237Leu,Rv3328c,sigJ
p.Phe239Val,Rv2724c,fadE20
p.Phe247Leu,Rv3759c,proX
p.Phe253Cys,Rv0758,phoR
p.Phe254Leu,Rv2984,ppk1
p.Phe25Cys,Rv3730c,
p.Phe261Ser,Rv2266,cyp124
p.Phe267Leu,Rv1318c,
p.Phe26fs,Rv0029,
p.Phe275Leu,Rv2992c,gltS
p.Phe2Val,Rv1359,
p.Phe301Leu,Rv1272c,
p.Phe301Val,Rv2790c,ltp1
p.Phe306Leu,Rv2212,
p.Phe319Val,Rv0230c,php
p.Phe334Leu,Rv1129c,
p.Phe337Ser,Rv3399,
p.Phe349fs,Rv3854c,ethA
p.Phe370Ser,Rv1726,
p.Phe39Ser,Rv0075,
p.Phe419Val,Rv0570,nrdZ
p.Phe420Leu,Rv3894c,eccC2
p.Phe43Val,Rv1590,
p.Phe446Leu,Rv3479,
p.Phe474Val,Rv3887c,eccD2
p.Phe487Val,Rv2345,
p.Phe515Ser,Rv3859c,gltB
p.Phe520Leu,Rv0202c,mmpL11
p.Phe70Cys,Rv3877,eccD1
p.Phe73Leu,Rv0507,mmpL2
p.Phe83Ser,Rv0790c,
p.Phe859fs,Rv2531c,
p.Phe868Val,Rv1662,pks8
p.Phe91Cys,Rv1062,
p.Phe988Leu,Rv2967c,pca
p.PheGln256LeuPro,Rv0631c,recC
p.Pro101Leu,Rv3496c,mce4D
p.Pro1040Ser,Rv0668,rpoC
p.Pro104Ala,Rv3075c,
p.Pro106Ser,Rv3076,
p.Pro1101Ser,Rv3296,lhr
p.Pro115Ala,Rv3529c,
p.Pro116Leu,Rv1446c,opcA
p.Pro119Ser,Rv0714,rplN
p.Pro11Gln,Rv3401,
p.Pro122Ser,Rv3383c,idsB
p.Pro123Leu,Rv2752c,
p.Pro124Leu,Rv0205,
p.Pro126Leu,Rv0716,rplE
p.Pro1298Ser,Rv0101,nrp
p.Pro1362Leu,Rv1661,pks7
p.Pro13Leu,Rv1591,
p.Pro140Leu,Rv0404,fadD30
p.Pro141Ser,Rv1907c,
p.Pro146Ala,Rv0195,
p.Pro1474Ser,Rv2934,ppsD
p.Pro156Thr,Rv2743c,
p.Pro158Ala,Rv2579,dhaA
p.Pro165Ser,Rv0004,
p.Pro178Ala,Rv0819,mshD
p.Pro17Leu,Rv2638,
p.Pro181Ser,Rv1825,
p.Pro184Leu,Rv2886c,
p.Pro186Ser,Rv1707,
p.Pro186Ser,Rv3624c,hpt
p.Pro188Ala,Rv1704c,cycA
p.Pro191Ala,Rv0331,
p.Pro192Arg,Rv0711,atsA
p.Pro213Ser,Rv0976c,
p.Pro217Arg,Rv3815c,
p.Pro219Leu,Rv0622,
p.Pro21Ala,Rv3699,
p.Pro220Ser,Rv0237,lpqI
p.Pro224Ser,Rv3879c,espK
p.Pro228Leu,Rv2782c,pepR
p.Pro232Ala,Rv0642c,mmaA4
p.Pro237Ala,Rv3130c,tgs1
p.Pro249Arg,Rv3709c,ask
p.Pro250Leu,Rv3092c,
p.Pro251Leu,Rv0899,ompA
p.Pro253Ala,Rv2764c,thyA
p.Pro256Ser,Rv2832c,ugpC
p.Pro25Arg,Rv0236c,aftD
p.Pro260Arg,Rv3900c,
p.Pro263Ser,Rv2715,
p.Pro268His,Rv3810,pirG
p.Pro269Leu,Rv3015c,
p.Pro270Leu,Rv1692,
p.Pro275Leu,Rv1075c,
p.Pro282Ser,Rv3660c,
p.Pro288Ser,Rv3871,eccCb1
p.Pro28Leu,Rv3658c,
p.Pro298Thr,Rv2072c,cobL
p.Pro2Leu,Rv1011,ispE
p.Pro300Arg,Rv1663,pks17
p.Pro303_Leu307delinsHisGluLysLeuLeuArg,Rv3467,
p.Pro314Thr,Rv1843c,guaB1
p.Pro315Leu,Rv2158c,murE
p.Pro316Leu,Rv3225c,
p.Pro32fs,Rv0840c,pip
p.Pro333Ala,Rv0522,gabP
p.Pro334Ala,Rv3854c,ethA
p.Pro343Arg,Rv1230c,
p.Pro347_Ser348delinsAla,Rv3616c,espA
p.Pro355fs,Rv2888c,amiC
p.Pro363Gln,Rv0465c,
p.Pro376Leu,Rv2082,
p.Pro379Leu,Rv0573c,pncB2
p.Pro37Thr,Rv2776c,
p.Pro381Arg,Rv2963,
p.Pro382Ser,Rv0161,
p.Pro38Leu,Rv3365c,
p.Pro397Ala,Rv0218,
p.Pro397Thr,Rv3795,embB
p.Pro39Leu,Rv3331,sugI
p.Pro408Leu,Rv0026,
p.Pro420Ser,Rv3776,
p.Pro421Gln,Rv3506,fadD17
p.Pro422Leu,Rv0087,hycE
p.Pro426Ser,Rv0327c,cyp135A1
p.Pro431Ala,Rv2163c,pbpB
p.Pro43Leu,Rv0319,pcp
p.Pro44Arg,Rv2428,ahpC
p.Pro453His,Rv2601,speE
p.Pro453Leu,Rv2643,arsC
p.Pro453Ser,Rv1148c,
p.Pro454Leu,Rv3854c,ethA
p.Pro458Ser,Rv1781c,malQ
p.Pro45Thr,Rv3886c,mycP2
p.Pro461Arg,Rv0014c,pknB
p.Pro46Ala,Rv3282,
p.Pro478His,Rv0404,fadD30
p.Pro484Arg,Rv0629c,recD
p.Pro486Leu,Rv2946c,pks1
p.Pro490Leu,Rv2101,helZ
p.Pro492Thr,Rv0147,
p.Pro493Leu,Rv2913c,
p.Pro497Leu,Rv1565c,
p.Pro497Leu,Rv2733c,
p.Pro504Thr,Rv0064,
p.Pro55Ala,Rv1665,pks11
p.Pro55Leu,Rv3215,entC
p.Pro57Leu,Rv3779,
p.Pro59Thr,Rv0972c,fadE12
p.Pro608Ser,Rv2524c,fas
p.Pro628_Pro631delinsAlaProProProProProSer,Rv0050,ponA1
p.Pro63Leu,Rv2232,ptkA
p.Pro64Leu,Rv2183c,
p.Pro66Leu,Rv3898c,
p.Pro68Arg,Rv3899c,
p.Pro68del,Rv3876,espI
p.Pro6Leu,Rv1716,
p.Pro6Ser,Rv1405c,
p.Pro70Ser,Rv1613,trpA
p.Pro71Ser,Rv2235,
p.Pro72Arg,Rv1193,fadD36
p.Pro74Ala,Rv0577,TB27.3
p.Pro792Leu,Rv2379c,mbtF
p.Pro7Ser,Rv1081c,
p.Pro803Arg,Rv0206c,mmpL3
p.Pro81Leu,Rv0996,
p.Pro85Ser,Rv0493c,
p.Pro867Leu,Rv0206c,mmpL3
p.Pro89Leu,Rv1897c,
p.Pro94fs,Rv2918c,glnD
p.Pro94Leu,Rv0005,gyrB
p.Pro96Arg,Rv2351c,plcA
p.Pro97Leu,Rv0426c,
p.Pro98Ser,Rv0301,vapC2
p.Pro99Gln,Rv3697c,vapC48
p.Pro99Ser,Rv2496c,bkdB
p.Pro9fs,Rv1399c,nlhH
p.Ser101Pro,Rv1311,atpC
p.Ser102Gln,Rv1417,
p.Ser1043fs,Rv3894c,eccC2
p.Ser10Asn,Rv0480c,
p.Ser112Gly,Rv0505c,serB1
p.Ser112Pro,Rv2197c,
p.Ser1207Asn,Rv2006,otsB1
p.Ser1240Leu,Rv1662,pks8
p.Ser132Leu,Rv0811c,
p.Ser133Asn,Rv2270,lppN
p.Ser135Pro,Rv3618,
p.Ser136Asn,Rv0817c,
p.Ser143Arg,Rv0614,
p.Ser145Pro,Rv1171,
p.Ser147Thr,Rv3196,
p.Ser14Cys,Rv1946c,lppG
p.Ser150Asn,Rv0229c,
p.Ser150Gly,Rv2447c,folC
p.Ser158Pro,Rv3420c,rimI
p.Ser161Arg,Rv0671,lpqP
p.Ser164Asn,Rv2012,
p.Ser165Ile,Rv1194c,
p.Ser170Ala,Rv0792c,
p.Ser171Cys,Rv3731,ligC
p.Ser172Arg,Rv3446c,
p.Ser174Thr,Rv3776,
p.Ser182Ala,Rv0545c,pitA
p.Ser187Ala,Rv3415c,
p.Ser188Pro,Rv2996c,serA1
p.Ser200_Lys201insAsnLeuPheThrGlnTyrLeuSer,Rv0934,pstS1
p.Ser203fs,Rv1775,
p.Ser209Thr,Rv0983,pepD
p.Ser20fs,Rv2142c,parE2
p.Ser210Asn,Rv2485c,lipQ
p.Ser214fs,Rv3854c,ethA
p.Ser215Pro,Rv1609,trpE
p.Ser21Ala,Rv1439c,
p.Ser21Phe,Rv1077,cbs
p.Ser21Thr,Rv0638,secE1
p.Ser220Pro,Rv2994,
p.Ser226Cys,Rv1775,
p.Ser237Cys,Rv0266c,oplA
p.Ser23Trp,Rv1479,moxR1
p.Ser243Ala,Rv3199c,nudC
p.Ser24Thr,Rv2785c,rpsO
p.Ser252fs,Rv1694,tlyA
p.Ser266Arg,Rv3854c,ethA
p.Ser266Pro,Rv1293,lysA
p.Ser267Ala,Rv1348,irtA
p.Ser271Trp,Rv2317,uspB
p.Ser278Pro,Rv3062,ligB
p.Ser283Pro,Rv1456c,
p.Ser285Pro,Rv1459c,
p.Ser287Asn,Rv3199c,nudC
p.Ser288Gly,Rv3895c,eccB2
p.Ser292Trp,Rv0399c,lpqK
p.Ser296Phe,Rv1878,glnA3
p.Ser297Ala,Rv3795,embB
p.Ser2Ile,Rv0492A,
p.Ser308Gly,Rv2947c,pks15
p.Ser308Phe,Rv1030,kdpB
p.Ser30Phe,Rv3591c,
p.Ser316fs,Rv0766c,cyp123
p.Ser31Asn,Rv0103c,ctpB
p.Ser326Arg,Rv3913,trxB2
p.Ser327Arg,Rv0267,narU
p.Ser32Pro,Rv0065,vapC1
p.Ser335Arg,Rv1937,
p.Ser335Gly,Rv1937,
p.Ser352Arg,Rv2265,
p.Ser355*,Rv3864,espE
p.Ser373Leu,Rv1661,pks7
p.Ser379Leu,Rv2395,
p.Ser385Arg,Rv0015c,pknA
p.Ser3Pro,Rv3014c,ligA
p.Ser41fs,Rv2779c,
p.Ser429fs,Rv3881c,espB
p.Ser443Asn,Rv2672,
p.Ser454Pro,Rv0101,nrp
p.Ser464Gly,Rv0507,mmpL2
p.Ser48Ala,Rv2268c,cyp128
p.Ser49Ala,Rv1967,mce3B
p.Ser4fs,Rv2621c,
p.Ser501Trp,Rv0342,iniA
p.Ser504fs,Rv3270,ctpC
p.Ser508fs,Rv3270,ctpC
p.Ser51fs,Rv0933,pstB
p.Ser52Arg,Rv2575,
p.Ser545Gly,Rv1779c,
p.Ser558Gly,Rv2343c,dnaG
p.Ser55Ala,Rv0253,nirD
p.Ser58Arg,Rv3387,
p.Ser58Gly,Rv1853,ureD
p.Ser59Pro,Rv0959,
p.Ser61Ala,Rv0744c,
p.Ser640Pro,Rv2448c,valS
p.Ser66*,Rv0698,
p.Ser67Leu,Rv1332,
p.Ser686Pro,Rv1179c,
p.Ser74fs,Rv3434c,
p.Ser74Ile,Rv1911c,lppC
p.Ser83Leu,Rv2174,mptA
p.Ser841del,Rv2047c,
p.Ser842Tyr,Rv1248c,
p.Ser84fs,Rv2043c,pncA
p.Ser84Phe,Rv2110c,prcB
p.Ser86_Gly87insGlySerSer,Rv0991c,
p.Ser898Leu,Rv1547,dnaE1
p.Ser916Leu,Rv0284,eccC3
p.Ser917Pro,Rv2048c,pks12
p.Ser92Thr,Rv3848,
p.Ser93Pro,Rv3398c,idsA1
p.Ser94fs,Rv3061c,fadE22
p.Ser95Phe,Rv2037c,
p.Ser96Phe,Rv2474c,
p.Ser9fs,Rv2088,pknJ
p.Ter110Glyext*?,Rv0030,
p.Ter120Argext*?,Rv3768,
p.Ter123Argext*?,Rv2694c,
p.Ter177Ter,Rv1884c,rpfC
p.Ter245Ter,Rv2070c,cobK
p.Ter276Glnext*?,Rv3415c,
p.Ter303Ter,Rv3896c,
p.Ter320Lysext*?,Rv1518,
p.Thr100Ala,Rv3623,lpqG
p.Thr100Ile,Rv3786c,
p.Thr100Pro,Rv0361,
p.Thr1055Ile,Rv3447c,eccC4
p.Thr105Asn,Rv0070c,glyA2
p.Thr105Met,Rv0308,
p.Thr106Ala,Rv1092c,coaA
p.Thr106Pro,Rv0611c,
p.Thr110Pro,Rv0583c,lpqN
p.Thr115Ser,Rv1920,
p.Thr11Lys,Rv3791,dprE2
p.Thr121fs,Rv0888,
p.Thr126Asn,Rv2717c,
p.Thr128Ile,Rv2045c,lipT
p.Thr129Ala,Rv0751c,mmsB
p.Thr134Ala,Rv0019c,fhaB
p.Thr134Pro,Rv3907c,pcnA
p.Thr135Pro,Rv3226c,
p.Thr137Ile,Rv2062c,cobN
p.Thr138Met,Rv0086,hycQ
p.Thr142Ser,Rv0724,sppA
p.Thr143Ala,Rv0129c,fbpC
p.Thr143Pro,Rv0139,
p.Thr144Lys,Rv1701,
p.Thr1463Pro,Rv2935,ppsE
p.Thr153fs,Rv2043c,pncA
p.Thr155Pro,Rv1591,
p.Thr156Ile,Rv1421,
p.Thr158Asn,Rv0808,purF
p.Thr160Ala,Rv2043c,pncA
p.Thr162Pro,Rv3683,
p.Thr164Asn,Rv2978c,
p.Thr166Ile,Rv0079,
p.Thr168Ser,Rv3776,
p.Thr174Ala,Rv0923c,
p.Thr177Ile,Rv0892,
p.Thr178Ala,Rv0792c,
p.Thr184Ala,Rv0889c,citA
p.Thr186Ala,Rv2458,mmuM
p.Thr187Ala,Rv3457c,rpoA
p.Thr188Pro,Rv0237,lpqI
p.Thr191Pro,Rv3080c,pknK
p.Thr193Ser,Rv1213,glgC
p.Thr194Ile,Rv3665c,dppB
p.Thr195Ala,Rv2799,
p.Thr199Ile,Rv3485c,
p.Thr19Met,Rv0230c,php
p.Thr210Pro,Rv1112,
p.Thr214Ala,Rv3796,
p.Thr215Pro,Rv2950c,fadD29
p.Thr215Pro,Rv3365c,
p.Thr21Pro,Rv2057c,rpmG1
p.Thr223Arg,Rv3378c,
p.Thr230Ala,Rv3586,
p.Thr231Ala,Rv0932c,pstS2
p.Thr235Met,Rv3297,nei
p.Thr235Pro,Rv1722,
p.Thr236Pro,Rv3229c,desA3
p.Thr23Ile,Rv1898,
p.Thr240Ala,Rv2713,sthA
p.Thr244Ala,Rv2508c,
p.Thr245Ala,Rv0149,
p.Thr246fs,Rv0143c,
p.Thr2595Asn,Rv2524c,fas
p.Thr259Ala,Rv0026,
p.Thr261Ala,Rv2084,
p.Thr265Pro,Rv3691,
p.Thr270Pro,Rv2497c,bkdA
p.Thr275Asn,Rv1112,
p.Thr277Ala,Rv1380,pyrB
p.Thr27Pro,Rv0236A,
p.Thr286Ala,Rv3884c,eccA2
p.Thr297Ala,Rv3885c,eccE2
p.Thr297Ile,Rv2090,
p.Thr299Lys,Rv3585,radA
p.Thr2Ala,Rv2645,
p.Thr2Lys,Rv2579,dhaA
p.Thr306Pro,Rv1537,dinX
p.Thr30Pro,Rv2507,
p.Thr314Ile,Rv3854c,ethA
p.Thr316Pro,Rv3399,
p.Thr317Ile,Rv1500,
p.Thr31Pro,Rv0535,pnp
p.Thr31Pro,Rv0959,
p.Thr321Ile,Rv1165,typA
p.Thr327Pro,Rv2176,pknL
p.Thr32Pro,Rv2590,fadD9
p.Thr330Asn,Rv2025c,
p.Thr330Pro,Rv2268c,cyp128
p.Thr335Pro,Rv3399,
p.Thr339Met,Rv3229c,desA3
p.Thr342Ile,Rv0473,
p.Thr347Ile,Rv3087,
p.Thr352Pro,Rv0171,mce1C
p.Thr362Ala,Rv2350c,plcB
p.Thr368Met,Rv3088,tgs4
p.Thr388Met,Rv1462,
p.Thr38Pro,Rv0548c,menB
p.Thr400Ala,Rv0667,rpoB
p.Thr403Ala,Rv1902c,nanT
p.Thr403Ile,Rv0849,
p.Thr408Ile,Rv1595,nadB
p.Thr40Ile,Rv0482,murB
p.Thr41Asn,Rv0400c,fadE7
p.Thr41Met,Rv2181,
p.Thr41Pro,Rv0245,
p.Thr426fs,Rv2800,
p.Thr426Pro,Rv1746,pknF
p.Thr429Met,Rv1529,fadD24
p.Thr42Met,Rv0039c,
p.Thr433Ala,Rv2974c,
p.Thr439Arg,Rv0026,
p.Thr43Pro,Rv3789,
p.Thr451fs,Rv1030,kdpB
p.Thr455Pro,Rv2404c,lepA
p.Thr45Ile,Rv1960c,parD1
p.Thr468Ile,Rv3710,leuA
p.Thr477Ser,Rv0119,fadD7
p.Thr482Ile,Rv3379c,dxs2
p.Thr482Pro,Rv0147,
p.Thr49Pro,Rv1225c,
p.Thr4Ala,Rv1772,
p.Thr4Met,Rv1478,
p.Thr4Pro,Rv2765,
p.Thr503Asn,Rv3156,nuoL
p.Thr50Ile,Rv3888c,
p.Thr529Pro,Rv2567,
p.Thr540Ala,Rv3014c,ligA
p.Thr54Arg,Rv0825c,
p.Thr54Met,Rv0106,
p.Thr558Lys,Rv1661,pks7
p.Thr571Ile,Rv0197,
p.Thr57Ile,Rv3750c,
p.Thr57Pro,Rv3206c,moeB1
p.Thr605Ala,Rv3825c,pks2
p.Thr611Met,Rv3792,aftA
p.Thr61Met,Rv0933,pstB
p.Thr63fs,Rv2662,
p.Thr642Pro,Rv2006,otsB1
p.Thr67Pro,Rv0359,
p.Thr74Met,Rv3492c,
p.Thr759Pro,Rv0107c,ctpI
p.Thr76Ala,Rv1275,lprC
p.Thr779Ala,Rv1661,pks7
p.Thr77Pro,Rv3860,
p.Thr78fs,Rv0986,
p.Thr7Ala,Rv0040c,mtc28
p.Thr81Ala,Rv2537c,aroD
p.Thr848fs,Rv1028c,kdpD
p.Thr861Pro,Rv1328,glgP
p.Thr92Ala,Rv2270,lppN
p.Thr95Pro,Rv3254,
p.Thr97Ile,Rv0057,
p.Thr97Ile,Rv0613c,
p.Thr98Ala,Rv0392c,ndhA
p.Thr99Ile,Rv1606,hisI
p.Thr9Ala,Rv2666,
p.Trp108Arg,Rv2291,sseB
p.Trp10Gly,Rv1447c,zwf2
p.Trp111Cys,Rv2187,fadD15
p.Trp111*,Rv1736c,narX
p.Trp115Gly,Rv1139c,
p.Trp125Gly,Rv3137,
p.Trp127Arg,Rv1727,
p.Trp1337Arg,Rv3894c,eccC2
p.Trp155Gly,Rv1895,
p.Trp157Cys,Rv3522,ltp4
p.Trp157*,Rv2920c,amt
p.Trp165*,Rv2962c,
p.Trp175*,Rv0446c,
p.Trp178Arg,Rv2458,mmuM
p.Trp189Cys,Rv2125,
p.Trp189Leu,Rv2949c,
p.Trp191Gly,Rv1908c,katG
p.Trp195Arg,Rv3630,
p.Trp196Cys,Rv2623,TB31.7
p.Trp202Cys,Rv2954c,
p.Trp216*,Rv0317c,glpQ2
p.Trp231Ser,Rv3672c,
p.Trp256fs,Rv3854c,ethA
p.Trp26Arg,Rv1882c,
p.Trp28*,Rv0760c,
p.Trp299Arg,Rv2606c,snzP
p.Trp305Arg,Rv2259,mscR
p.Trp325*,Rv3728,
p.Trp329Arg,Rv3659c,
p.Trp34Gly,Rv1594,nadA
p.Trp363Ser,Rv0221,
p.Trp366*,Rv2800,
p.Trp370Gly,Rv1877,
p.Trp400*,Rv2752c,
p.Trp467Arg,Rv1328,glgP
p.Trp484Gly,Rv0668,rpoC
p.Trp50*,Rv0036c,
p.Trp61*,Rv0717,rpsN1
p.Trp678Gly,Rv1173,fbiC
p.Trp68Arg,Rv2043c,pncA
p.Trp68Cys,Rv3032A,
p.Trp68Gly,Rv2043c,pncA
p.Trp69*,Rv2959c,
p.Trp748*,Rv3299c,atsB
p.Trp80fs,Rv1717,
p.Trp92*,Rv1375,
p.Trp92*,Rv1639c,
p.Trp94*,Rv3019c,esxR
p.Trp9Gly,Rv3723,
p.TrpThr218LeuAla,Rv1622c,cydB
p.TrpTyr102GlyAsp,Rv0744c,
p.Tyr103Asp,Rv2495c,bkdC
p.Tyr107His,Rv1291c,
p.Tyr1098Asp,Rv2124c,metH
p.Tyr109Cys,Rv0052,
p.Tyr110*,Rv2289,cdh
p.Tyr1149His,Rv0266c,oplA
p.Tyr115Cys,Rv0025,
p.Tyr123His,Rv1056,
p.Tyr128*,Rv0276,
p.Tyr12fs,Rv2829c,vapC22
p.Tyr133Cys,Rv3193c,
p.Tyr133Ser,Rv0117,oxyS
p.Tyr145Asp,Rv0393,
p.Tyr163Cys,Rv0147,
p.Tyr171Asp,Rv2587c,secD
p.Tyr182Asp,Rv2958c,
p.Tyr195His,Rv3919c,gid
p.Tyr196_Val198delinsLeu,Rv2566,
p.Tyr200His,Rv3510c,
p.Tyr206His,Rv3564,fadE33
p.Tyr20His,Rv0620,galK
p.Tyr215Asp,Rv1472,echA12
p.Tyr217*,Rv0818,
p.Tyr223Asp,Rv0954,
p.Tyr226Ser,Rv3515c,fadD19
p.Tyr23Cys,Rv1135A,
p.Tyr245Cys,Rv0989c,grcC2
p.Tyr263Ser,Rv0858c,dapC
p.Tyr267fs,Rv3401,
p.Tyr281*,Rv0032,bioF2
p.Tyr301fs,Rv3761c,fadE36
p.Tyr304Ser,Rv3399,
p.Tyr306Ser,Rv0630c,recB
p.Tyr30His,Rv2836c,dinF
p.Tyr34Asp,Rv2043c,pncA
p.Tyr359Ser,Rv1971,mce3F
p.Tyr361Ser,Rv1635c,
p.Tyr388Asp,Rv3423c,alr
p.Tyr40Asp,Rv0841,
p.Tyr410Ser,Rv3689,
p.Tyr420Ser,Rv1835c,
p.Tyr435Cys,Rv3091,
p.Tyr471His,Rv1550,fadD11
p.Tyr486Cys,Rv1609,trpE
p.Tyr497Ser,Rv2590,fadD9
p.Tyr50His,Rv0944,
p.Tyr512*,Rv0873,fadE10
p.Tyr52fs,Rv0775,
p.Tyr551Cys,Rv2587c,secD
p.Tyr571fs,Rv1736c,narX
p.Tyr59fs,Rv0670,end
p.Tyr59fs,Rv2686c,
p.Tyr62Asp,Rv2956,
p.Tyr7His,Rv0634c,
p.Tyr83Cys,Rv3658c,
p.Tyr84Ser,Rv0358,
p.Tyr95His,Rv3698,
p.TyrAsn2104PheAsp,Rv2048c,pks12
p.Val100fs,Rv2081c,
p.Val100Gly,Rv0037c,
p.Val100Met,Rv1625c,cya
p.Val1039Ala,Rv0668,rpoC
p.Val105Ala,Rv0721,rpsE
p.Val106Gly,Rv0115,hddA
p.Val10Gly,Rv1143,mcr
p.Val1110Gly,Rv2524c,fas
p.Val111fs,Rv1355c,moeY
p.Val113Gly,Rv3705c,
p.Val113Leu,Rv1073,
p.Val115Gly,Rv0037c,
p.Val1178Ala,Rv2048c,pks12
p.Val118Ala,Rv2022c,
p.Val118Met,Rv3069,
p.Val11Ala,Rv3642c,
p.Val120Ala,Rv0376c,
p.Val1212Ile,Rv2933,ppsC
p.Val125Gly,Rv2043c,pncA
p.Val126Gly,Rv1851,ureF
p.Val128Gly,Rv1451,ctaB
p.Val128Phe,Rv3869,eccB1
p.Val12Leu,Rv2959c,
p.Val130Gly,Rv2719c,
p.Val130Phe,Rv0415,thiO
p.Val131Ile,Rv1745c,idi
p.Val133Gly,Rv0724,sppA
p.Val135Gly,Rv3608c,folP1
p.Val136Leu,Rv0064,
p.Val137Ala,Rv3501c,yrbE4A
p.Val137Gly,Rv2905,lppW
p.Val139Ala,Rv2043c,pncA
p.Val139Gly,Rv0045c,
p.Val139Met,Rv2043c,pncA
p.Val13Met,Rv2688c,
p.Val144Ala,Rv0655,mkl
p.Val147Ile,Rv2637,dedA
p.Val149Ala,Rv2349c,plcC
p.Val151Met,Rv2374c,hrcA
p.Val1522Ala,Rv2934,ppsD
p.Val153Ala,Rv2184c,
p.Val155Leu,Rv1877,
p.Val156Glu,Rv0372c,
p.Val158del,Rv2474c,
p.Val15Leu,Rv1722,
p.Val1605Ala,Rv2946c,pks1
p.Val160Gly,Rv1625c,cya
p.Val163Ile,Rv2416c,eis
p.Val165Ile,Rv3152,nuoH
p.Val166Ile,Rv2059,
p.Val167Ala,Rv1523,
p.Val168Ala,Rv3490,otsA
p.Val168Met,Rv1894c,
p.Val169Ala,Rv0752c,fadE9
p.Val169Phe,Rv0526,
p.Val173Ile,Rv1627c,
p.Val175Leu,Rv0990c,
p.Val1761Met,Rv2934,ppsD
p.Val177Gly,Rv2746c,pgsA3
p.Val178Ile,Rv1189,sigI
p.Val17Ala,Rv2508c,
p.Val184Ala,Rv3843c,
p.Val186Ala,Rv3694c,
p.Val188Ala,Rv3806c,ubiA
p.Val189Ile,Rv0271c,fadE6
p.Val189Ile,Rv3059,cyp136
p.Val191Ile,Rv1032c,trcS
p.Val193Leu,Rv0782,ptrBb
p.Val197Gly,Rv3544c,fadE28
p.Val19Ala,Rv0972c,fadE12
p.Val1?,Rv0142,
p.Val1?,Rv1955,higB
p.Val1?,Rv3395A,
p.Val201Gly,Rv0956,purN
p.Val202Gly,Rv3495c,lprN
p.Val205Gly,Rv0248c,
p.Val205Gly,Rv1127c,ppdK
p.Val206Gly,Rv3885c,eccE2
p.Val207Leu,Rv2821c,
p.Val210Ile,Rv2289,cdh
p.Val211Gly,Rv3848,
p.Val211Ile,Rv1900c,lipJ
p.Val211Phe,Rv2417c,
p.Val212Met,Rv0480c,
p.Val215Gly,Rv3848,
p.Val216Gly,Rv1122,gnd2
p.Val218Gly,Rv0428c,
p.Val21Ala,Rv3866,espG1
p.Val222Gly,Rv1127c,ppdK
p.Val226Ile,Rv0466,
p.Val22fs,Rv1971,mce3F
p.Val233Gly,Rv2560,
p.Val236Ala,Rv1774,
p.Val236dup,Rv2415c,
p.Val238Ala,Rv3594,
p.Val23Gly,Rv1751,
p.Val240Ala,Rv0237,lpqI
p.Val240Ile,Rv1074c,fadA3
p.Val241Gly,Rv2045c,lipT
p.Val246Ala,Rv0021c,
p.Val247Ala,Rv1462,
p.Val247Ala,Rv2219,
p.Val249Gly,Rv2563,
p.Val24Met,Rv1900c,lipJ
p.Val250Gly,Rv2563,
p.Val251_Ala252del,Rv2395,
p.Val251Leu,Rv3085,
p.Val255Ala,Rv0482,murB
p.Val261Ala,Rv2112c,dop
p.Val261Gly,Rv3895c,eccB2
p.Val262fs,Rv1933c,fadE18
p.Val262Gly,Rv3555c,
p.Val265Ala,Rv2157c,murF
p.Val265fs,Rv2191,
p.Val265Met,Rv1009,rpfB
p.Val26Gly,Rv2428,ahpC
p.Val27Ile,Rv0529,ccsA
p.Val28Leu,Rv3145,nuoA
p.Val293Met,Rv3805c,aftB
p.Val2Ala,Rv1065,
p.Val2Ala,Rv3612c,
p.Val301Leu,Rv0005,gyrB
p.Val310Leu,Rv2563,
p.Val310Leu,Rv3888c,
p.Val319Leu,Rv0969,ctpV
p.Val31Ile,Rv2596,vapC40
p.Val327Gly,Rv1469,ctpD
p.Val32Ala,Rv0303,
p.Val343Ile,Rv1668c,
p.Val346Leu,Rv0014c,pknB
p.Val349Ala,Rv1093,glyA1
p.Val34Ile,Rv0320,
p.Val354Ala,Rv2915c,
p.Val359Gly,Rv3293,pcd
p.Val370Gly,Rv2501c,accA1
p.Val371Ala,Rv1310,atpD
p.Val376Ala,Rv0988,
p.Val387Gly,Rv0002,dnaN
p.Val38Met,Rv3603c,
p.Val390Ile,Rv2737c,recA
p.Val392Gly,Rv2940c,mas
p.Val393Leu,Rv3061c,fadE22
p.Val398dup,Rv3854c,ethA
p.Val399Leu,Rv0766c,cyp123
p.Val39Ile,Rv3154,nuoJ
p.Val3Gly,Rv3332,nagA
p.Val401fs,Rv2947c,pks15
p.Val412Gly,Rv1179c,
p.Val422Gly,Rv0860,fadB
p.Val425Ile,Rv2585c,
p.Val426Ile,Rv1979c,
p.Val446Leu,Rv1393c,
p.Val44Ala,Rv0979c,
p.Val457Ala,Rv0458,
p.Val457Ala,Rv2690c,
p.Val458Gly,Rv3610c,ftsH
p.Val460Gly,Rv3610c,ftsH
p.Val465Met,Rv1069c,
p.Val468Ala,Rv2950c,fadD29
p.Val46Ala,Rv3069,
p.Val46Gly,Rv0744c,
p.Val46Ile,Rv0320,
p.Val47del,Rv1972,
p.Val47Ile,Rv1053c,
p.Val483Ala,Rv0668,rpoC
p.Val483Gly,Rv0668,rpoC
p.Val49Ile,Rv0566c,
p.Val4Leu,Rv0553,menC
p.Val501Leu,Rv3479,
p.Val51Ala,Rv2194,qcrC
p.Val51Ile,Rv1550,fadD11
p.Val52Ala,Rv3861,
p.Val52Gly,Rv3923c,rnpA
p.Val539Gly,Rv0853c,pdc
p.Val545Phe,Rv2394,ggtB
p.Val54Ile,Rv0003,recF
p.Val557Ala,Rv0917,betP
p.Val55Gly,Rv3874,esxB
p.Val564fs,Rv0092,ctpA
p.Val57Gly,Rv3399,
p.Val57Ile,Rv3049c,
p.Val58Gly,Rv0658c,
p.Val59Gly,Rv3748,
p.Val5Gly,Rv3695,
p.Val5Ile,Rv2996c,serA1
p.Val64Gly,Rv0461,
p.Val65Ala,Rv0775,
p.Val672fs,Rv1664,pks9
p.Val67Ala,Rv1988,erm(37)
p.Val693fs,Rv0890c,
p.Val69Gly,Rv2913c,
p.Val6Met,Rv0140,
p.Val72Gly,Rv3686c,
p.Val733Gly,Rv2900c,fdhF
p.Val734Gly,Rv2900c,fdhF
p.Val73Ala,Rv2160A,
p.Val73Ile,Rv2337c,
p.Val740Ile,Rv3870,eccCa1
p.Val74Leu,Rv0687,
p.Val759Ala,Rv1937,
p.Val773Ala,Rv2092c,helY
p.Val78Gly,Rv0359,
p.Val79Ala,Rv3594,
p.Val79Ile,Rv0934,pstS1
p.Val7Ala,Rv0885,
p.Val81Leu,Rv0855,far
p.Val82Leu,Rv2056c,rpsN2
p.Val87Ala,Rv0170,mce1B
p.Val87Leu,Rv3909,
p.Val887Ala,Rv1475c,acn
p.Val88Ala,Rv3711c,dnaQ
p.Val8fs,Rv3555c,
p.Val91Ala,Rv1743,pknE
p.Val91Gly,Rv3189,
p.Val934Gly,Rv2946c,pks1
p.Val93Ala,Rv1235,lpqY
p.Val93Met,Rv3057c,
p.Val96Gly,Rv2003c,
p.Val970Met,Rv0667,rpoB
p.Val98Gly,Rv2154c,ftsW
p.Val9Gly,Rv2936,drrA
,Rv0810c,
,Rv3676,crp
